timestamp,temperature,humidity,light,sound
1774805192483.0,21.0,50.0,77.0,84.0
1774805202942.0,21.0,50.0,77.0,84.0
1774805213379.0,21.0,50.0,78.0,84.0
1774805223837.0,21.0,50.0,79.0,84.0
1774805234320.0,21.0,51.0,80.0,113.0
1774805244753.0,21.0,51.0,82.0,251.0
1774805255211.0,21.0,51.0,81.0,86.0
1774805265643.0,20.0,51.0,80.0,86.0
1774805276077.0,20.0,51.0,84.0,86.0
1774805286510.0,20.0,51.0,84.0,87.0
1774805296943.0,20.0,51.0,85.0,88.0
1774805307403.0,20.0,51.0,84.0,87.0
1774805317860.0,20.0,51.0,86.0,89.0
1774805328298.0,20.0,51.0,85.0,148.0
1774805338757.0,20.0,51.0,84.0,88.0
1774805349191.0,20.0,51.0,84.0,89.0
1774805359636.0,20.0,51.0,84.0,89.0
1774805370092.0,20.0,51.0,84.0,90.0
1774805380554.0,20.0,51.0,84.0,90.0
1774805391008.0,20.0,51.0,86.0,255.0
1774805401455.0,20.0,51.0,87.0,91.0
1774805411917.0,20.0,51.0,87.0,91.0
1774805422386.0,20.0,52.0,64.0,134.0
1774805432842.0,20.0,52.0,66.0,92.0
1774805443276.0,20.0,52.0,54.0,92.0
1774805453758.0,20.0,52.0,55.0,128.0
1774805464191.0,20.0,52.0,53.0,93.0
1774805474650.0,20.0,52.0,86.0,114.0
1774805485113.0,20.0,52.0,86.0,94.0
1774805495584.0,20.0,52.0,84.0,94.0
1774805506052.0,20.0,52.0,83.0,129.0
1774805506052.0,20.0,52.0,83.0,129.0
1774805516543.0,20.0,52.0,84.0,110.0
1774805527031.0,20.0,52.0,83.0,95.0
1774805537489.0,20.0,52.0,84.0,96.0
1774805547971.0,20.0,52.0,83.0,140.0
1774805558452.0,20.0,52.0,84.0,97.0
1774805568910.0,20.0,52.0,84.0,96.0
1774805579393.0,20.0,52.0,84.0,97.0
1774805589850.0,20.0,52.0,84.0,156.0
1774805600332.0,20.0,53.0,85.0,113.0
1774805610815.0,20.0,52.0,84.0,126.0
1774805621299.0,20.0,52.0,84.0,123.0
1774805631781.0,20.0,52.0,86.0,124.0
1774805642239.0,20.0,52.0,84.0,99.0
1774805652722.0,20.0,52.0,84.0,114.0
1774805663180.0,20.0,52.0,84.0,124.0
1774805673616.0,20.0,52.0,84.0,148.0
1774805684099.0,20.0,52.0,84.0,101.0
1774805694583.0,20.0,52.0,84.0,102.0
1774805705041.0,20.0,52.0,84.0,138.0
1774805715526.0,20.0,53.0,84.0,102.0
1774805725985.0,20.0,52.0,86.0,156.0
1774805736467.0,20.0,53.0,84.0,103.0
1774805746950.0,20.0,52.0,84.0,104.0
1774805757433.0,20.0,53.0,84.0,114.0
1774805767916.0,20.0,52.0,84.0,126.0
1774805778374.0,20.0,53.0,83.0,127.0
1774805788832.0,19.0,52.0,83.0,123.0
1774805799315.0,19.0,52.0,83.0,105.0
1774805809777.0,19.0,52.0,84.0,110.0
1774805809777.0,19.0,52.0,84.0,110.0
1774805820244.0,19.0,52.0,83.0,105.0
1774805830715.0,19.0,52.0,83.0,138.0
1774805841183.0,19.0,52.0,86.0,107.0
1774805851662.0,19.0,53.0,84.0,106.0
1774805862137.0,19.0,52.0,83.0,117.0
1774805872607.0,19.0,53.0,83.0,115.0
1774805883084.0,19.0,52.0,83.0,141.0
1774805893533.0,19.0,53.0,83.0,135.0
1774805904002.0,19.0,53.0,83.0,135.0
1774805914498.0,19.0,53.0,86.0,108.0
1774805924959.0,19.0,52.0,85.0,115.0
1774805935416.0,19.0,53.0,84.0,109.0
1774805945879.0,19.0,53.0,83.0,131.0
1774805956338.0,19.0,53.0,82.0,110.0
1774805966820.0,19.0,53.0,83.0,109.0
1774805977302.0,19.0,53.0,86.0,130.0
1774805987784.0,19.0,53.0,83.0,111.0
1774805998241.0,19.0,53.0,83.0,137.0
1774806008727.0,19.0,53.0,84.0,135.0
1774806019195.0,19.0,53.0,83.0,130.0
1774806029668.0,19.0,53.0,83.0,112.0
1774806040146.0,19.0,52.0,83.0,160.0
1774806050602.0,19.0,53.0,85.0,112.0
1774806061073.0,19.0,53.0,83.0,113.0
1774806071543.0,19.0,53.0,83.0,114.0
1774806082037.0,19.0,53.0,83.0,113.0
1774806092506.0,19.0,53.0,85.0,114.0
1774806102974.0,19.0,53.0,84.0,146.0
1774806113471.0,19.0,53.0,83.0,134.0
1774806113471.0,19.0,53.0,83.0,134.0
1774806123942.0,19.0,53.0,83.0,117.0
1774806134385.0,19.0,53.0,84.0,115.0
1774806144856.0,19.0,53.0,83.0,115.0
1774806155328.0,19.0,53.0,83.0,146.0
1774806165801.0,19.0,53.0,83.0,149.0
1774806176267.0,19.0,52.0,83.0,116.0
1774806186739.0,19.0,53.0,84.0,116.0
1774806197206.0,19.0,53.0,83.0,119.0
1774806207647.0,19.0,53.0,83.0,117.0
1774806218091.0,19.0,53.0,84.0,116.0
1774806228562.0,19.0,53.0,83.0,117.0
1774806238985.0,19.0,53.0,84.0,118.0
1774806249479.0,19.0,53.0,84.0,117.0
1774806259946.0,19.0,53.0,83.0,133.0
1774806270417.0,19.0,53.0,85.0,119.0
1774806280882.0,19.0,53.0,83.0,143.0
1774806291376.0,19.0,53.0,84.0,119.0
1774806301847.0,19.0,53.0,84.0,155.0
1774806312318.0,19.0,53.0,84.0,120.0
1774806322788.0,19.0,53.0,84.0,142.0
1774806333240.0,19.0,53.0,84.0,120.0
1774806343711.0,19.0,53.0,86.0,135.0
1774806354184.0,19.0,53.0,84.0,121.0
1774806364662.0,19.0,53.0,84.0,121.0
1774806375135.0,19.0,53.0,83.0,121.0
1774806385581.0,19.0,53.0,84.0,159.0
1774806396051.0,19.0,53.0,83.0,148.0
1774806406493.0,19.0,53.0,84.0,123.0
1774806416936.0,19.0,53.0,83.0,123.0
1774806427378.0,19.0,53.0,83.0,123.0
1774806427378.0,19.0,53.0,83.0,123.0
1774806437819.0,19.0,53.0,84.0,123.0
1774806448285.0,19.0,53.0,86.0,189.0
1774806458753.0,19.0,53.0,83.0,194.0
1774806469220.0,19.0,53.0,84.0,221.0
1774806479688.0,19.0,53.0,83.0,145.0
1774806490156.0,19.0,53.0,83.0,149.0
1774806500624.0,19.0,53.0,66.0,125.0
1774806511116.0,19.0,53.0,82.0,124.0
1774806521557.0,19.0,54.0,82.0,124.0
1774806532049.0,19.0,54.0,82.0,126.0
1774806542496.0,19.0,54.0,82.0,125.0
1774806552966.0,19.0,53.0,82.0,148.0
1774806563434.0,19.0,54.0,84.0,126.0
1774806573902.0,19.0,54.0,82.0,126.0
1774806584367.0,19.0,54.0,83.0,171.0
1774806594811.0,19.0,54.0,82.0,127.0
1774806605254.0,19.0,54.0,82.0,127.0
1774806615694.0,19.0,53.0,82.0,128.0
1774806626163.0,19.0,53.0,81.0,155.0
1774806636633.0,19.0,54.0,82.0,128.0
1774806647100.0,19.0,54.0,82.0,128.0
1774806657565.0,19.0,54.0,82.0,177.0
1774806668008.0,19.0,54.0,82.0,129.0
1774806678474.0,19.0,54.0,82.0,129.0
1774806688945.0,19.0,53.0,82.0,129.0
1774806699413.0,19.0,53.0,81.0,152.0
1774806709907.0,19.0,53.0,82.0,129.0
1774806720397.0,19.0,53.0,82.0,160.0
1774806730839.0,19.0,53.0,82.0,130.0
1774806730839.0,19.0,53.0,82.0,133.0
1774806741302.0,19.0,53.0,82.0,133.0
1774806751768.0,19.0,53.0,82.0,130.0
1774806762235.0,19.0,53.0,83.0,164.0
1774806772703.0,19.0,53.0,81.0,131.0
1774806783145.0,19.0,53.0,82.0,131.0
1774806793587.0,19.0,53.0,82.0,131.0
1774806804029.0,19.0,53.0,81.0,132.0
1774806814474.0,19.0,53.0,82.0,132.0
1774806824940.0,19.0,53.0,81.0,153.0
1774806835383.0,19.0,53.0,82.0,132.0
1774806845875.0,19.0,53.0,82.0,132.0
1774806856366.0,19.0,53.0,82.0,133.0
1774806866858.0,19.0,53.0,81.0,315.0
1774806877305.0,19.0,53.0,82.0,134.0
1774806887752.0,19.0,53.0,82.0,134.0
1774806898223.0,19.0,53.0,82.0,161.0
1774806908720.0,19.0,53.0,81.0,164.0
1774806919168.0,19.0,53.0,81.0,134.0
1774806929639.0,19.0,53.0,81.0,133.0
1774806940138.0,19.0,53.0,81.0,176.0
1774806950614.0,19.0,53.0,81.0,165.0
1774806961084.0,19.0,53.0,81.0,136.0
1774806971556.0,19.0,53.0,82.0,135.0
1774806982006.0,19.0,53.0,81.0,136.0
1774806992491.0,19.0,53.0,81.0,136.0
1774807002975.0,19.0,53.0,81.0,181.0
1774807013446.0,19.0,53.0,81.0,137.0
1774807023911.0,19.0,53.0,81.0,172.0
1774807034406.0,19.0,53.0,81.0,136.0
1774807034406.0,19.0,53.0,81.0,136.0
1774807044849.0,19.0,53.0,82.0,137.0
1774807055358.0,19.0,53.0,82.0,165.0
1774807065793.0,19.0,53.0,83.0,137.0
1774807076255.0,19.0,53.0,83.0,139.0
1774807086717.0,19.0,53.0,82.0,139.0
1774807097185.0,19.0,54.0,82.0,172.0
1774807107651.0,19.0,53.0,83.0,139.0
1774807118121.0,19.0,54.0,83.0,146.0
1774807128590.0,19.0,54.0,83.0,138.0
1774807139032.0,19.0,54.0,83.0,139.0
1774807149503.0,19.0,54.0,84.0,139.0
1774807159969.0,19.0,54.0,83.0,139.0
1774807170429.0,19.0,54.0,83.0,140.0
1774807180888.0,19.0,54.0,84.0,141.0
1774807191364.0,19.0,54.0,82.0,140.0
1774807201820.0,19.0,54.0,83.0,140.0
1774807212284.0,19.0,53.0,83.0,141.0
1774807222774.0,19.0,54.0,85.0,142.0
1774807233260.0,19.0,54.0,83.0,141.0
1774807243718.0,19.0,54.0,84.0,142.0
1774807254176.0,19.0,54.0,82.0,192.0
1774807264610.0,19.0,54.0,84.0,367.0
1774807275043.0,19.0,54.0,84.0,217.0
1774807285501.0,19.0,54.0,84.0,141.0
1774807295983.0,19.0,54.0,83.0,172.0
1774807306445.0,19.0,53.0,86.0,187.0
1774807316879.0,19.0,54.0,84.0,143.0
1774807327336.0,19.0,54.0,84.0,143.0
1774807337797.0,19.0,54.0,84.0,142.0
1774807337797.0,19.0,54.0,84.0,142.0
1774807348229.0,19.0,54.0,84.0,230.0
1774807358666.0,19.0,54.0,85.0,144.0
1774807369100.0,19.0,54.0,84.0,144.0
1774807379532.0,19.0,54.0,84.0,144.0
1774807400635.0,19.0,54.0,83.0,178.0
1774807411125.0,19.0,54.0,83.0,170.0
1774807421558.0,19.0,54.0,84.0,144.0
1774807432039.0,19.0,54.0,83.0,159.0
1774807432039.0,19.0,54.0,83.0,159.0
1774807442501.0,19.0,54.0,82.0,145.0
1774807452988.0,19.0,54.0,83.0,146.0
1774807463445.0,19.0,54.0,84.0,146.0
1774807473912.0,19.0,54.0,83.0,146.0
1774807484411.0,19.0,54.0,83.0,146.0
1774807494877.0,19.0,54.0,84.0,146.0
1774807505321.0,19.0,54.0,84.0,366.0
1774807515762.0,19.0,54.0,83.0,146.0
1774807526203.0,19.0,54.0,87.0,427.0
1774807536655.0,19.0,54.0,86.0,148.0
1774807547152.0,19.0,54.0,83.0,183.0
1774807557649.0,19.0,54.0,84.0,147.0
1774807568119.0,19.0,54.0,85.0,147.0
1774807578614.0,19.0,54.0,83.0,148.0
1774807589112.0,19.0,54.0,83.0,163.0
1774807599609.0,19.0,54.0,84.0,188.0
1774807610095.0,19.0,54.0,83.0,156.0
1774807620586.0,19.0,54.0,84.0,149.0
1774807631072.0,19.0,54.0,83.0,149.0
1774807641531.0,19.0,54.0,83.0,149.0
1774807652002.0,19.0,54.0,83.0,177.0
1774807662470.0,19.0,54.0,83.0,150.0
1774807672942.0,19.0,54.0,83.0,150.0
1774807683409.0,19.0,54.0,83.0,152.0
1774807693878.0,19.0,54.0,83.0,173.0
1774807704369.0,19.0,54.0,84.0,152.0
1774807714836.0,19.0,54.0,83.0,151.0
1774807725275.0,19.0,54.0,84.0,151.0
1774807735766.0,19.0,54.0,83.0,154.0
1774807746257.0,19.0,54.0,84.0,151.0
1774807756721.0,19.0,54.0,84.0,186.0
1774807767194.0,19.0,54.0,83.0,174.0
1774807767194.0,19.0,54.0,83.0,174.0
1774807777662.0,19.0,54.0,83.0,151.0
1774807788154.0,19.0,54.0,83.0,152.0
1774807798620.0,19.0,54.0,83.0,152.0
1774807809093.0,19.0,54.0,85.0,152.0
1774807819565.0,19.0,54.0,83.0,167.0
1774807830041.0,19.0,54.0,83.0,152.0
1774807840483.0,19.0,54.0,85.0,153.0
1774807850948.0,19.0,54.0,83.0,200.0
1774807861393.0,19.0,54.0,84.0,153.0
1774807871860.0,19.0,54.0,83.0,195.0
1774807882327.0,19.0,54.0,83.0,177.0
1774807892797.0,19.0,54.0,83.0,198.0
1774807903271.0,19.0,54.0,83.0,172.0
1774807913748.0,19.0,54.0,86.0,154.0
1774807924218.0,19.0,54.0,83.0,168.0
1774807934662.0,19.0,54.0,84.0,244.0
1774807945106.0,19.0,54.0,83.0,154.0
1774807955578.0,19.0,54.0,83.0,155.0
1774807966048.0,19.0,54.0,86.0,218.0
1774807976541.0,19.0,54.0,83.0,190.0
1774807987013.0,19.0,54.0,83.0,156.0
1774807997455.0,19.0,54.0,84.0,156.0
1774808007927.0,19.0,54.0,83.0,182.0
1774808018421.0,19.0,54.0,84.0,176.0
1774808028888.0,19.0,54.0,83.0,156.0
1774808039378.0,19.0,54.0,85.0,212.0
1774808049865.0,19.0,54.0,82.0,157.0
1774808060324.0,19.0,54.0,83.0,158.0
1774808070784.0,19.0,54.0,84.0,185.0
1774808070784.0,19.0,54.0,84.0,185.0
1774808081468.0,19.0,54.0,82.0,192.0
1774808091953.0,19.0,54.0,84.0,157.0
1774808102443.0,19.0,54.0,83.0,171.0
1774808112961.0,19.0,54.0,83.0,192.0
1774808123451.0,19.0,54.0,83.0,194.0
1774808133913.0,19.0,54.0,83.0,208.0
1774808144400.0,19.0,54.0,83.0,158.0
1774808154861.0,19.0,54.0,82.0,175.0
1774808165322.0,19.0,54.0,84.0,273.0
1774808175810.0,19.0,54.0,82.0,159.0
1774808186272.0,19.0,54.0,81.0,190.0
1774808196710.0,19.0,54.0,82.0,159.0
1774808207170.0,19.0,54.0,81.0,159.0
1774808217631.0,19.0,55.0,82.0,159.0
1774808228092.0,19.0,55.0,81.0,159.0
1774808238553.0,19.0,54.0,80.0,160.0
1774808249014.0,19.0,54.0,80.0,244.0
1774808259499.0,19.0,54.0,81.0,160.0
1774808269959.0,19.0,54.0,79.0,213.0
1774808280442.0,19.0,54.0,82.0,161.0
1774808290925.0,19.0,55.0,82.0,160.0
1774808301409.0,19.0,54.0,82.0,200.0
1774808311866.0,19.0,54.0,82.0,161.0
1774808322327.0,19.0,55.0,83.0,171.0
1774808332786.0,19.0,54.0,82.0,190.0
1774808343246.0,19.0,54.0,82.0,162.0
1774808353705.0,19.0,54.0,83.0,161.0
1774808364164.0,19.0,54.0,82.0,181.0
1774808374649.0,19.0,54.0,82.0,162.0
1774808385133.0,19.0,54.0,81.0,162.0
1774808385133.0,19.0,54.0,81.0,162.0
1774808406075.0,19.0,54.0,82.0,175.0
1774808416560.0,19.0,54.0,82.0,163.0
1774808416560.0,19.0,54.0,82.0,163.0
1774808427047.0,19.0,54.0,82.0,198.0
1774808437506.0,19.0,54.0,84.0,163.0
1774808447967.0,19.0,54.0,82.0,206.0
1774808458403.0,19.0,54.0,83.0,163.0
1774808468836.0,19.0,54.0,83.0,164.0
1774808479319.0,19.0,54.0,81.0,191.0
1774808489776.0,,,82.0,199.0
1774808500260.0,19.0,54.0,83.0,164.0
1774808510742.0,19.0,54.0,82.0,164.0
1774808521450.0,19.0,54.0,82.0,227.0
1774808531908.0,19.0,54.0,83.0,164.0
1774808542366.0,19.0,54.0,82.0,203.0
1774808552852.0,19.0,54.0,82.0,183.0
1774808563287.0,19.0,54.0,83.0,165.0
1774808573749.0,19.0,54.0,82.0,185.0
1774808584234.0,19.0,54.0,82.0,165.0
1774808594692.0,19.0,54.0,82.0,182.0
1774808605174.0,19.0,54.0,81.0,165.0
1774808615659.0,19.0,54.0,82.0,225.0
1774808626144.0,19.0,54.0,82.0,166.0
1774808636627.0,19.0,54.0,83.0,166.0
1774808647112.0,19.0,54.0,84.0,166.0
1774808657572.0,19.0,54.0,82.0,166.0
1774808668056.0,19.0,54.0,82.0,167.0
1774808678543.0,19.0,54.0,82.0,170.0
1774808689026.0,19.0,54.0,82.0,215.0
1774808699490.0,19.0,54.0,82.0,191.0
1774808709944.0,19.0,54.0,82.0,248.0
1774808709944.0,19.0,54.0,82.0,248.0
1774808720419.0,19.0,54.0,82.0,192.0
1774808730903.0,19.0,54.0,81.0,167.0
1774808741376.0,19.0,54.0,82.0,167.0
1774808751865.0,19.0,54.0,82.0,167.0
1774808762343.0,19.0,54.0,82.0,178.0
1774808772821.0,19.0,54.0,85.0,207.0
1774808783291.0,19.0,54.0,82.0,168.0
1774808793766.0,19.0,54.0,82.0,168.0
1774808804240.0,19.0,54.0,82.0,189.0
1774808814715.0,19.0,54.0,83.0,189.0
1774808825191.0,19.0,54.0,82.0,169.0
1774808835666.0,19.0,54.0,82.0,169.0
1774808846138.0,19.0,54.0,82.0,169.0
1774808856592.0,19.0,54.0,82.0,169.0
1774808867040.0,19.0,54.0,82.0,169.0
1774808877513.0,19.0,54.0,82.0,211.0
1774808887982.0,19.0,54.0,83.0,169.0
1774808898454.0,19.0,54.0,82.0,188.0
1774808908919.0,19.0,54.0,82.0,170.0
1774808919397.0,19.0,54.0,82.0,206.0
1774808929868.0,19.0,54.0,82.0,171.0
1774808940330.0,19.0,54.0,83.0,172.0
1774808950792.0,19.0,54.0,82.0,171.0
1774808961278.0,19.0,54.0,82.0,189.0
1774808971749.0,19.0,54.0,82.0,204.0
1774808982228.0,19.0,54.0,82.0,206.0
1774808992695.0,19.0,54.0,82.0,193.0
1774809003189.0,19.0,54.0,84.0,239.0
1774809013661.0,19.0,54.0,81.0,172.0
1774809024133.0,19.0,54.0,82.0,238.0
1774809034608.0,19.0,54.0,83.0,200.0
1774809045079.0,19.0,54.0,82.0,185.0
1774809055549.0,19.0,54.0,82.0,172.0
1774809068159.0,19.0,54.0,82.0,172.0
1774809078654.0,19.0,54.0,82.0,197.0
1774809089120.0,19.0,54.0,83.0,172.0
1774809099590.0,19.0,54.0,86.0,172.0
1774809110061.0,19.0,54.0,76.0,934.0
1774809110061.0,19.0,54.0,76.0,934.0
1774809120533.0,19.0,54.0,79.0,432.0
1774809130999.0,19.0,55.0,80.0,173.0
1774809141467.0,19.0,55.0,51.0,174.0
1774809151938.0,19.0,56.0,7.0,173.0
1774809162407.0,19.0,56.0,60.0,173.0
1774809172900.0,19.0,55.0,72.0,174.0
1774809183369.0,19.0,57.0,54.0,255.0
1774809193839.0,19.0,55.0,33.0,524.0
1774809204306.0,19.0,55.0,31.0,225.0
1774809214751.0,19.0,56.0,66.0,262.0
1774809225218.0,19.0,56.0,77.0,175.0
1774809235686.0,19.0,55.0,74.0,191.0
1774809246157.0,19.0,55.0,61.0,175.0
1774809256647.0,19.0,55.0,78.0,206.0
1774809267114.0,19.0,55.0,25.0,358.0
1774809277583.0,19.0,58.0,13.0,175.0
1774809288051.0,19.0,57.0,12.0,225.0
1774809298518.0,19.0,58.0,73.0,296.0
1774809308988.0,19.0,56.0,73.0,175.0
1774809319454.0,19.0,56.0,73.0,225.0
1774809329902.0,19.0,56.0,73.0,177.0
1774809340369.0,19.0,55.0,74.0,176.0
1774809350841.0,19.0,56.0,74.0,176.0
1774809361313.0,19.0,56.0,73.0,360.0
1774809371784.0,19.0,56.0,75.0,176.0
1774809382273.0,19.0,56.0,73.0,177.0
1774809392742.0,19.0,56.0,0.0,320.0
1774809403184.0,19.0,55.0,0.0,938.0
1774809413652.0,19.0,56.0,0.0,177.0
1774809413652.0,19.0,56.0,0.0,177.0
1774809424144.0,19.0,56.0,0.0,939.0
1774809434608.0,19.0,56.0,0.0,938.0
1774809445075.0,19.0,56.0,0.0,704.0
1774809455543.0,19.0,56.0,0.0,177.0
1774809466008.0,19.0,56.0,0.0,197.0
1774809476499.0,19.0,56.0,0.0,939.0
1774809486965.0,19.0,56.0,0.0,176.0
1774809497406.0,19.0,56.0,0.0,939.0
1774809507870.0,19.0,56.0,0.0,939.0
1774809518363.0,20.0,56.0,0.0,939.0
1774809528829.0,20.0,56.0,0.0,178.0
1774809539292.0,20.0,56.0,0.0,177.0
1774809549756.0,19.0,56.0,0.0,939.0
1774809560220.0,20.0,56.0,0.0,177.0
1774809570711.0,19.0,56.0,0.0,939.0
1774809581200.0,19.0,56.0,0.0,939.0
1774809591665.0,20.0,56.0,0.0,331.0
1774809602129.0,19.0,56.0,0.0,938.0
1774809612595.0,19.0,55.0,0.0,940.0
1774809623083.0,19.0,55.0,0.0,177.0
1774809633550.0,19.0,56.0,0.0,177.0
1774809644013.0,19.0,56.0,0.0,178.0
1774809654479.0,19.0,56.0,0.0,940.0
1774809664945.0,19.0,56.0,0.0,940.0
1774809675409.0,19.0,56.0,0.0,315.0
1774809685872.0,19.0,56.0,0.0,178.0
1774809696337.0,19.0,56.0,0.0,206.0
1774809706825.0,19.0,56.0,0.0,204.0
1774809717288.0,19.0,56.0,0.0,178.0
1774809717288.0,19.0,56.0,0.0,178.0
1774809727752.0,19.0,56.0,0.0,178.0
1774809738212.0,19.0,56.0,0.0,208.0
1774809748675.0,19.0,56.0,0.0,179.0
1774809759168.0,19.0,56.0,0.0,218.0
1774809769631.0,19.0,56.0,0.0,180.0
1774809780118.0,19.0,56.0,0.0,180.0
1774809790578.0,19.0,56.0,0.0,273.0
1774809801065.0,19.0,56.0,0.0,179.0
1774809811533.0,19.0,56.0,0.0,212.0
1774809821998.0,19.0,56.0,0.0,180.0
1774809832447.0,19.0,56.0,0.0,179.0
1774809842917.0,19.0,56.0,0.0,180.0
1774809853380.0,19.0,56.0,0.0,189.0
1774809863842.0,19.0,56.0,0.0,180.0
1774809874308.0,19.0,56.0,0.0,238.0
1774809884750.0,19.0,56.0,0.0,180.0
1774809895191.0,19.0,56.0,0.0,181.0
1774809905661.0,19.0,56.0,0.0,181.0
1774809916126.0,19.0,56.0,0.0,181.0
1774809926567.0,19.0,56.0,0.0,181.0
1774809937033.0,19.0,56.0,0.0,181.0
1774809947523.0,19.0,56.0,0.0,201.0
1774809958011.0,19.0,56.0,0.0,189.0
1774809968502.0,19.0,56.0,0.0,208.0
1774809978942.0,19.0,56.0,0.0,181.0
1774809989386.0,19.0,56.0,0.0,944.0
1774809999828.0,19.0,56.0,0.0,837.0
1774810010293.0,19.0,56.0,0.0,182.0
1774810020755.0,19.0,56.0,0.0,185.0
1774810020755.0,19.0,56.0,0.0,185.0
1774810031243.0,19.0,56.0,0.0,182.0
1774810041727.0,19.0,56.0,0.0,182.0
1774810052167.0,19.0,56.0,0.0,182.0
1774810062656.0,19.0,56.0,0.0,182.0
1774810073121.0,19.0,56.0,0.0,208.0
1774810083561.0,19.0,56.0,0.0,182.0
1774810094076.0,19.0,56.0,0.0,196.0
1774810104538.0,19.0,56.0,0.0,205.0
1774810115029.0,19.0,56.0,0.0,212.0
1774810125518.0,19.0,56.0,0.0,183.0
1774810135956.0,19.0,56.0,0.0,182.0
1774810146393.0,19.0,56.0,0.0,183.0
1774810156855.0,19.0,56.0,0.0,242.0
1774810167318.0,19.0,56.0,0.0,183.0
1774810177832.0,19.0,56.0,0.0,183.0
1774810188321.0,19.0,56.0,0.0,183.0
1774810198786.0,19.0,56.0,0.0,183.0
1774810209251.0,19.0,56.0,0.0,183.0
1774810219714.0,19.0,56.0,0.0,183.0
1774810230180.0,19.0,56.0,0.0,184.0
1774810240644.0,19.0,56.0,0.0,216.0
1774810251109.0,19.0,56.0,0.0,210.0
1774810261574.0,19.0,56.0,0.0,209.0
1774810272063.0,19.0,56.0,0.0,184.0
1774810282524.0,19.0,56.0,0.0,205.0
1774810293015.0,19.0,56.0,0.0,184.0
1774810303505.0,19.0,56.0,0.0,185.0
1774810313971.0,19.0,56.0,0.0,207.0
1774810324436.0,19.0,56.0,0.0,185.0
1774810324436.0,19.0,56.0,0.0,185.0
1774810334898.0,19.0,56.0,0.0,185.0
1774810345359.0,19.0,56.0,0.0,216.0
1774810355850.0,19.0,56.0,0.0,204.0
1774810366314.0,19.0,56.0,0.0,186.0
1774810376803.0,19.0,56.0,0.0,216.0
1774810387293.0,19.0,56.0,0.0,247.0
1774810397755.0,19.0,56.0,0.0,186.0
1774810408222.0,19.0,56.0,0.0,218.0
1774810418689.0,19.0,56.0,0.0,210.0
1774810429156.0,19.0,56.0,0.0,215.0
1774810439647.0,19.0,56.0,0.0,195.0
1774810450089.0,19.0,56.0,0.0,186.0
1774810460558.0,19.0,56.0,0.0,199.0
1774810471030.0,19.0,56.0,0.0,212.0
1774810481524.0,19.0,56.0,0.0,202.0
1774810491991.0,19.0,56.0,0.0,205.0
1774810502461.0,19.0,56.0,0.0,281.0
1774810512928.0,19.0,56.0,0.0,204.0
1774810523393.0,19.0,56.0,0.0,202.0
1774810533886.0,19.0,56.0,62.0,245.0
1774810544376.0,19.0,56.0,79.0,186.0
1774810554841.0,19.0,56.0,88.0,210.0
1774810565308.0,19.0,56.0,84.0,187.0
1774810575800.0,19.0,56.0,83.0,187.0
1774810586291.0,19.0,56.0,84.0,187.0
1774810596759.0,19.0,57.0,83.0,229.0
1774810607249.0,19.0,57.0,79.0,187.0
1774810617737.0,19.0,56.0,77.0,187.0
1774810628202.0,19.0,56.0,64.0,188.0
1774810628202.0,19.0,56.0,64.0,188.0
1774810638690.0,19.0,56.0,77.0,209.0
1774810649156.0,19.0,56.0,78.0,220.0
1774810659619.0,19.0,57.0,79.0,214.0
1774810670109.0,19.0,56.0,77.0,188.0
1774810680599.0,19.0,56.0,79.0,250.0
1774810691062.0,19.0,56.0,77.0,192.0
1774810701548.0,19.0,56.0,75.0,229.0
1774810712013.0,19.0,56.0,77.0,189.0
1774810722502.0,19.0,57.0,75.0,197.0
1774810732990.0,19.0,58.0,79.0,188.0
1774810743431.0,19.0,58.0,77.0,189.0
1774810753921.0,20.0,57.0,75.0,222.0
1774810764409.0,20.0,56.0,79.0,228.0
1774810774876.0,20.0,57.0,79.0,190.0
1774810785341.0,20.0,56.0,82.0,202.0
1774810795808.0,20.0,56.0,79.0,190.0
1774810806298.0,20.0,55.0,79.0,190.0
1774810816766.0,20.0,55.0,76.0,223.0
1774810827234.0,20.0,55.0,74.0,286.0
1774810837726.0,20.0,55.0,75.0,190.0
1774810848193.0,20.0,55.0,73.0,190.0
1774810858657.0,20.0,55.0,72.0,190.0
1774810869123.0,20.0,56.0,71.0,191.0
1774810879588.0,20.0,55.0,61.0,191.0
1774810890055.0,20.0,55.0,34.0,190.0
1774810900544.0,20.0,55.0,69.0,199.0
1774810911010.0,20.0,56.0,62.0,190.0
1774810921449.0,20.0,55.0,66.0,191.0
1774810931916.0,20.0,55.0,72.0,190.0
1774810931916.0,20.0,55.0,72.0,190.0
1774810942377.0,20.0,55.0,69.0,191.0
1774810952844.0,20.0,55.0,73.0,351.0
1774810963310.0,20.0,55.0,71.0,219.0
1774810973800.0,20.0,55.0,61.0,191.0
1774810984268.0,20.0,55.0,73.0,191.0
1774810994783.0,20.0,55.0,61.0,247.0
1774811005247.0,20.0,55.0,72.0,191.0
1774811015712.0,20.0,55.0,74.0,191.0
1774811026200.0,20.0,55.0,73.0,204.0
1774811036694.0,20.0,55.0,75.0,191.0
1774811047188.0,20.0,55.0,73.0,192.0
1774811057678.0,20.0,55.0,71.0,222.0
1774811068144.0,20.0,55.0,72.0,192.0
1774811078636.0,20.0,55.0,72.0,267.0
1774811089129.0,20.0,55.0,77.0,192.0
1774811099592.0,20.0,55.0,78.0,222.0
1774811110060.0,20.0,55.0,69.0,372.0
1774811120524.0,20.0,56.0,73.0,193.0
1774811130994.0,20.0,56.0,71.0,238.0
1774811141462.0,20.0,56.0,73.0,193.0
1774811151953.0,20.0,56.0,75.0,193.0
1774811162422.0,20.0,55.0,74.0,193.0
1774811172887.0,20.0,55.0,72.0,218.0
1774811183351.0,20.0,55.0,74.0,218.0
1774811193820.0,20.0,55.0,72.0,193.0
1774811204311.0,20.0,56.0,73.0,230.0
1774811214805.0,20.0,56.0,73.0,375.0
1774811225273.0,20.0,56.0,73.0,194.0
1774811235738.0,20.0,56.0,61.0,358.0
1774811235738.0,20.0,56.0,61.0,358.0
1774811246200.0,20.0,56.0,71.0,268.0
1774811256661.0,20.0,56.0,71.0,194.0
1774811267151.0,20.0,56.0,71.0,281.0
1774811277639.0,20.0,56.0,71.0,194.0
1774811288104.0,20.0,56.0,73.0,286.0
1774811298566.0,20.0,56.0,72.0,194.0
1774811309029.0,20.0,56.0,73.0,524.0
1774811319493.0,20.0,56.0,71.0,284.0
1774811329980.0,20.0,56.0,71.0,197.0
1774811340468.0,20.0,56.0,71.0,228.0
1774811350933.0,20.0,56.0,71.0,200.0
1774811361397.0,20.0,56.0,71.0,195.0
1774811371859.0,20.0,56.0,70.0,195.0
1774811382320.0,20.0,56.0,70.0,195.0
1774811392806.0,20.0,56.0,70.0,196.0
1774811403295.0,20.0,56.0,71.0,271.0
1774811413788.0,20.0,56.0,70.0,196.0
1774811424233.0,20.0,56.0,72.0,199.0
1774811434703.0,20.0,56.0,71.0,198.0
1774811445167.0,20.0,56.0,71.0,196.0
1774811455662.0,20.0,56.0,71.0,196.0
1774811466127.0,20.0,56.0,71.0,360.0
1774811476616.0,20.0,56.0,70.0,420.0
1774811487084.0,20.0,56.0,70.0,196.0
1774811497528.0,20.0,56.0,71.0,354.0
1774811507996.0,20.0,56.0,72.0,197.0
1774811518462.0,20.0,56.0,70.0,225.0
1774811528903.0,20.0,56.0,70.0,196.0
1774811539394.0,20.0,56.0,72.0,197.0
1774811549861.0,20.0,56.0,71.0,288.0
1774811549861.0,20.0,56.0,71.0,288.0
1774811560326.0,20.0,56.0,72.0,355.0
1774811570794.0,20.0,56.0,73.0,363.0
1774811581261.0,20.0,56.0,16.0,419.0
1774811591727.0,20.0,56.0,61.0,950.0
1774811602218.0,20.0,56.0,60.0,198.0
1774811612686.0,20.0,56.0,60.0,960.0
1774811623152.0,20.0,56.0,59.0,199.0
1774811633622.0,20.0,56.0,59.0,826.0
1774811644064.0,20.0,56.0,74.0,270.0
1774811654532.0,20.0,56.0,76.0,553.0
1774811665000.0,20.0,56.0,75.0,261.0
1774811675466.0,20.0,56.0,75.0,198.0
1774811685934.0,20.0,56.0,75.0,198.0
1774811696397.0,20.0,56.0,75.0,199.0
1774811706864.0,20.0,56.0,74.0,200.0
1774811717329.0,20.0,56.0,74.0,202.0
1774811727822.0,20.0,56.0,75.0,199.0
1774811738286.0,20.0,56.0,75.0,198.0
1774811748772.0,20.0,56.0,71.0,240.0
1774811759260.0,20.0,55.0,69.0,199.0
1774811769755.0,20.0,56.0,72.0,199.0
1774811780217.0,20.0,56.0,71.0,215.0
1774811790679.0,20.0,55.0,70.0,199.0
1774811801194.0,20.0,55.0,70.0,200.0
1774811811657.0,20.0,55.0,70.0,200.0
1774811822196.0,20.0,55.0,70.0,200.0
1774811832660.0,20.0,55.0,70.0,200.0
1774811843145.0,20.0,55.0,70.0,200.0
1774811853610.0,20.0,55.0,70.0,243.0
1774811853610.0,20.0,55.0,70.0,243.0
1774811864072.0,20.0,55.0,70.0,415.0
1774811874535.0,20.0,55.0,70.0,200.0
1774811884999.0,20.0,55.0,70.0,201.0
1774811895510.0,20.0,55.0,70.0,400.0
1774811905972.0,20.0,56.0,70.0,201.0
1774811916437.0,20.0,56.0,70.0,207.0
1774811926927.0,20.0,56.0,70.0,384.0
1774811937391.0,20.0,56.0,70.0,201.0
1774811947857.0,20.0,56.0,70.0,288.0
1774811958318.0,20.0,56.0,70.0,201.0
1774811968780.0,20.0,56.0,71.0,331.0
1774811979244.0,20.0,56.0,71.0,203.0
1774811989709.0,20.0,56.0,70.0,202.0
1774812000172.0,20.0,56.0,70.0,265.0
1774812010638.0,20.0,56.0,71.0,723.0
1774812021101.0,20.0,56.0,71.0,220.0
1774812031574.0,20.0,56.0,71.0,214.0
1774812042037.0,20.0,56.0,72.0,233.0
1774812052500.0,20.0,56.0,71.0,204.0
1774812062962.0,20.0,56.0,70.0,202.0
1774812073450.0,20.0,56.0,70.0,203.0
1774812083914.0,20.0,56.0,71.0,202.0
1774812094381.0,20.0,56.0,75.0,202.0
1774812104841.0,20.0,56.0,71.0,287.0
1774812115330.0,20.0,56.0,73.0,243.0
1774812125795.0,20.0,56.0,71.0,609.0
1774812136255.0,20.0,56.0,71.0,270.0
1774812146744.0,20.0,56.0,70.0,507.0
1774812157208.0,20.0,56.0,70.0,324.0
1774812157208.0,20.0,56.0,70.0,324.0
1774812167669.0,20.0,56.0,71.0,257.0
1774812178107.0,20.0,55.0,72.0,203.0
1774812188573.0,20.0,55.0,71.0,347.0
1774812199059.0,20.0,55.0,71.0,235.0
1774812209523.0,20.0,55.0,71.0,203.0
1774812219988.0,20.0,56.0,71.0,203.0
1774812230475.0,20.0,56.0,72.0,283.0
1774812240965.0,20.0,55.0,72.0,247.0
1774812251454.0,20.0,55.0,71.0,204.0
1774812261915.0,20.0,55.0,71.0,251.0
1774812272383.0,20.0,55.0,72.0,204.0
1774812282848.0,20.0,55.0,71.0,204.0
1774812293312.0,20.0,55.0,70.0,205.0
1774812303781.0,20.0,55.0,71.0,204.0
1774812314274.0,20.0,55.0,70.0,204.0
1774812324740.0,20.0,55.0,72.0,204.0
1774812335208.0,20.0,56.0,73.0,230.0
1774812345674.0,20.0,55.0,71.0,211.0
1774812356140.0,20.0,55.0,71.0,204.0
1774812366632.0,20.0,55.0,71.0,235.0
1774812377123.0,20.0,56.0,71.0,288.0
1774812387614.0,20.0,55.0,71.0,237.0
1774812398077.0,20.0,55.0,71.0,205.0
1774812408561.0,20.0,56.0,71.0,231.0
1774812419026.0,20.0,55.0,70.0,205.0
1774812429515.0,20.0,55.0,71.0,237.0
1774812439975.0,20.0,56.0,71.0,206.0
1774812450441.0,20.0,55.0,70.0,206.0
1774812450441.0,20.0,55.0,70.0,206.0
1774812460906.0,20.0,55.0,70.0,206.0
1774812471370.0,21.0,55.0,70.0,647.0
1774812481836.0,21.0,55.0,72.0,235.0
1774812492301.0,21.0,55.0,73.0,243.0
1774812502762.0,21.0,55.0,72.0,206.0
1774812513228.0,21.0,55.0,70.0,255.0
1774812523718.0,21.0,55.0,71.0,269.0
1774812534183.0,21.0,55.0,71.0,206.0
1774812544676.0,21.0,55.0,70.0,207.0
1774812555141.0,21.0,55.0,72.0,211.0
1774812565581.0,21.0,55.0,72.0,206.0
1774812576047.0,21.0,55.0,71.0,207.0
1774812586513.0,21.0,55.0,71.0,206.0
1774812596952.0,21.0,55.0,71.0,207.0
1774812607419.0,21.0,55.0,72.0,321.0
1774812617907.0,21.0,55.0,71.0,251.0
1774812628375.0,21.0,55.0,71.0,207.0
1774812638842.0,21.0,55.0,71.0,233.0
1774812649332.0,21.0,55.0,70.0,229.0
1774812659824.0,21.0,55.0,70.0,207.0
1774812670266.0,21.0,55.0,71.0,270.0
1774812680757.0,21.0,55.0,71.0,208.0
1774812691225.0,21.0,55.0,71.0,208.0
1774812701719.0,21.0,55.0,70.0,208.0
1774812712188.0,21.0,55.0,71.0,229.0
1774812722679.0,21.0,55.0,71.0,207.0
1774812733147.0,21.0,55.0,71.0,250.0
1774812743615.0,21.0,55.0,71.0,209.0
1774812743615.0,21.0,55.0,71.0,209.0
1774812754089.0,21.0,55.0,72.0,277.0
1774812764534.0,21.0,55.0,70.0,209.0
1774812775002.0,21.0,55.0,70.0,355.0
1774812785475.0,21.0,55.0,71.0,209.0
1774812795943.0,21.0,55.0,71.0,971.0
1774812806410.0,21.0,55.0,70.0,208.0
1774812816879.0,21.0,55.0,71.0,232.0
1774812827348.0,21.0,55.0,70.0,221.0
1774812837818.0,21.0,55.0,70.0,274.0
1774812848289.0,21.0,55.0,71.0,209.0
1774812858782.0,21.0,55.0,68.0,209.0
1774812869252.0,21.0,55.0,68.0,240.0
1774812879724.0,21.0,55.0,69.0,209.0
1774812890193.0,21.0,55.0,69.0,210.0
1774812900688.0,21.0,55.0,71.0,278.0
1774812911160.0,21.0,55.0,69.0,317.0
1774812921628.0,21.0,55.0,69.0,248.0
1774812932100.0,21.0,55.0,69.0,209.0
1774812942570.0,21.0,55.0,69.0,344.0
1774812953041.0,21.0,55.0,0.0,820.0
1774812963512.0,21.0,55.0,70.0,249.0
1774812973959.0,21.0,55.0,71.0,209.0
1774812984425.0,21.0,55.0,70.0,210.0
1774812994875.0,21.0,55.0,72.0,210.0
1774813005344.0,21.0,55.0,69.0,210.0
1774813015813.0,21.0,55.0,70.0,210.0
1774813026282.0,21.0,55.0,70.0,760.0
1774813036773.0,21.0,55.0,70.0,471.0
1774813047239.0,21.0,55.0,70.0,443.0
1774813047239.0,21.0,55.0,70.0,443.0
1774813057709.0,21.0,55.0,71.0,210.0
1774813068200.0,21.0,55.0,71.0,413.0
1774813078640.0,21.0,55.0,73.0,211.0
1774813089105.0,21.0,55.0,70.0,211.0
1774813099566.0,21.0,55.0,70.0,211.0
1774813110031.0,21.0,55.0,72.0,284.0
1774813120518.0,21.0,55.0,71.0,268.0
1774813130985.0,21.0,55.0,71.0,211.0
1774813141451.0,21.0,55.0,71.0,211.0
1774813151915.0,21.0,55.0,71.0,292.0
1774813162377.0,21.0,55.0,71.0,499.0
1774813172843.0,21.0,55.0,72.0,252.0
1774813183307.0,21.0,55.0,71.0,224.0
1774813193770.0,21.0,55.0,71.0,212.0
1774813204234.0,21.0,55.0,72.0,212.0
1774813214698.0,21.0,55.0,71.0,235.0
1774813225137.0,21.0,55.0,71.0,212.0
1774813235607.0,21.0,55.0,72.0,323.0
1774813246075.0,21.0,55.0,70.0,214.0
1774813256539.0,21.0,55.0,70.0,213.0
1774813267007.0,21.0,55.0,71.0,213.0
1774813277495.0,21.0,55.0,71.0,212.0
1774813287961.0,21.0,55.0,71.0,214.0
1774813298428.0,21.0,55.0,71.0,212.0
1774813308892.0,21.0,55.0,70.0,226.0
1774813319375.0,21.0,55.0,70.0,213.0
1774813329842.0,21.0,55.0,70.0,213.0
1774813340330.0,21.0,55.0,71.0,223.0
1774813340330.0,21.0,55.0,71.0,214.0
1774813350793.0,21.0,55.0,70.0,214.0
1774813361256.0,21.0,55.0,71.0,214.0
1774813371745.0,21.0,55.0,71.0,399.0
1774813382232.0,21.0,55.0,71.0,232.0
1774813392694.0,21.0,55.0,72.0,214.0
1774813403183.0,21.0,55.0,70.0,214.0
1774813413649.0,21.0,55.0,70.0,386.0
1774813424113.0,21.0,55.0,71.0,214.0
1774813434601.0,21.0,55.0,71.0,213.0
1774813445065.0,21.0,55.0,70.0,246.0
1774813455550.0,21.0,55.0,71.0,214.0
1774813466011.0,21.0,55.0,70.0,213.0
1774813476474.0,21.0,55.0,72.0,214.0
1774813486961.0,21.0,55.0,70.0,222.0
1774813497424.0,21.0,55.0,71.0,214.0
1774813507890.0,21.0,55.0,70.0,254.0
1774813518354.0,21.0,55.0,70.0,214.0
1774813528818.0,21.0,55.0,70.0,214.0
1774813539284.0,21.0,55.0,73.0,214.0
1774813549721.0,21.0,55.0,71.0,215.0
1774813560183.0,21.0,55.0,71.0,214.0
1774813570652.0,21.0,55.0,71.0,214.0
1774813581115.0,21.0,55.0,70.0,214.0
1774813591578.0,21.0,55.0,70.0,214.0
1774813602029.0,21.0,55.0,70.0,289.0
1774813612493.0,21.0,55.0,71.0,222.0
1774813622957.0,21.0,55.0,70.0,215.0
1774813633420.0,21.0,55.0,71.0,291.0
1774813643911.0,21.0,55.0,70.0,215.0
1774813643911.0,21.0,55.0,70.0,215.0
1774813654377.0,21.0,55.0,70.0,225.0
1774813664840.0,21.0,55.0,70.0,232.0
1774813675306.0,21.0,55.0,70.0,215.0
1774813685795.0,21.0,55.0,70.0,258.0
1774813696284.0,21.0,55.0,71.0,216.0
1774813706750.0,21.0,55.0,70.0,216.0
1774813717240.0,21.0,55.0,70.0,235.0
1774813727705.0,21.0,55.0,70.0,215.0
1774813738167.0,21.0,55.0,69.0,216.0
1774813748653.0,21.0,55.0,70.0,216.0
1774813759115.0,21.0,54.0,69.0,216.0
1774813769579.0,21.0,54.0,70.0,243.0
1774813780043.0,21.0,54.0,70.0,244.0
1774813790508.0,21.0,54.0,69.0,216.0
1774813800971.0,21.0,54.0,70.0,357.0
1774813811461.0,21.0,54.0,70.0,216.0
1774813821950.0,21.0,54.0,70.0,327.0
1774813832415.0,21.0,54.0,70.0,217.0
1774813842906.0,21.0,54.0,70.0,216.0
1774813853370.0,21.0,54.0,71.0,233.0
1774813863837.0,21.0,55.0,70.0,258.0
1774813874304.0,21.0,55.0,70.0,217.0
1774813884769.0,21.0,54.0,70.0,217.0
1774813895234.0,21.0,54.0,74.0,216.0
1774813905697.0,21.0,54.0,71.0,255.0
1774813916159.0,21.0,54.0,71.0,271.0
1774813926646.0,21.0,54.0,71.0,217.0
1774813937158.0,21.0,54.0,71.0,217.0
1774813937158.0,21.0,54.0,71.0,217.0
1774813947622.0,21.0,54.0,71.0,217.0
1774813958085.0,21.0,54.0,71.0,217.0
1774813968550.0,21.0,54.0,71.0,246.0
1774813979039.0,21.0,54.0,71.0,217.0
1774813989505.0,21.0,54.0,71.0,267.0
1774813999993.0,21.0,54.0,72.0,218.0
1774814010457.0,21.0,54.0,71.0,218.0
1774814020921.0,21.0,54.0,71.0,218.0
1774814031389.0,21.0,54.0,71.0,255.0
1774814041855.0,21.0,54.0,73.0,289.0
1774814052316.0,21.0,54.0,73.0,218.0
1774814062779.0,21.0,54.0,72.0,219.0
1774814073244.0,21.0,55.0,71.0,218.0
1774814083707.0,21.0,54.0,71.0,218.0
1774814094174.0,21.0,54.0,73.0,720.0
1774814104642.0,21.0,54.0,71.0,221.0
1774814115108.0,21.0,54.0,71.0,248.0
1774814125598.0,21.0,54.0,71.0,221.0
1774814136062.0,21.0,55.0,71.0,219.0
1774814146528.0,21.0,55.0,71.0,218.0
1774814156993.0,21.0,54.0,71.0,219.0
1774814167459.0,21.0,54.0,71.0,242.0
1774814177926.0,21.0,54.0,70.0,219.0
1774814188394.0,21.0,54.0,70.0,229.0
1774814198863.0,21.0,54.0,74.0,219.0
1774814208863.0,20.0,55.0,72.0,203.0
1774814218863.0,20.0,55.0,71.0,347.0
1774814228863.0,20.0,55.0,71.0,235.0
1774814238863.0,20.0,55.0,71.0,203.0
1774814248863.0,20.0,56.0,71.0,203.0
1774814258863.0,20.0,56.0,72.0,283.0
1774814268863.0,20.0,55.0,72.0,247.0
1774814278863.0,20.0,55.0,71.0,204.0
1774814288863.0,20.0,55.0,71.0,251.0
1774814298863.0,20.0,55.0,72.0,204.0
1774814308863.0,20.0,55.0,71.0,204.0
1774814318863.0,20.0,55.0,70.0,205.0
1774814328863.0,20.0,55.0,71.0,204.0
1774814338863.0,20.0,55.0,70.0,204.0
1774814348863.0,20.0,55.0,72.0,204.0
1774814358863.0,20.0,56.0,73.0,230.0
1774814368863.0,20.0,55.0,71.0,211.0
1774814378863.0,20.0,55.0,71.0,204.0
1774814388863.0,20.0,55.0,71.0,235.0
1774814398863.0,20.0,56.0,71.0,288.0
1774814408863.0,20.0,55.0,71.0,237.0
1774814418863.0,20.0,55.0,71.0,205.0
1774814428863.0,20.0,56.0,71.0,231.0
1774814438863.0,20.0,55.0,70.0,205.0
1774814448863.0,20.0,55.0,71.0,237.0
1774814458863.0,20.0,56.0,71.0,206.0
1774814468863.0,20.0,55.0,70.0,206.0
1774814478863.0,20.0,55.0,70.0,206.0
1774814488863.0,20.0,55.0,70.0,206.0
1774814498863.0,21.0,55.0,70.0,647.0
1774814508863.0,21.0,55.0,72.0,235.0
1774814518863.0,21.0,55.0,73.0,243.0
1774814528863.0,21.0,55.0,72.0,206.0
1774814538863.0,21.0,55.0,70.0,255.0
1774814548863.0,21.0,55.0,71.0,269.0
1774814558863.0,21.0,55.0,71.0,206.0
1774814568863.0,21.0,55.0,70.0,207.0
1774814578863.0,21.0,55.0,72.0,211.0
1774814588863.0,21.0,55.0,72.0,206.0
1774814598863.0,21.0,55.0,71.0,207.0
1774814608863.0,21.0,55.0,71.0,206.0
1774814618863.0,21.0,55.0,71.0,207.0
1774814628863.0,21.0,55.0,72.0,321.0
1774814638863.0,21.0,55.0,71.0,251.0
1774814648863.0,21.0,55.0,71.0,207.0
1774814658863.0,21.0,55.0,71.0,233.0
1774814668863.0,21.0,55.0,70.0,229.0
1774814678863.0,21.0,55.0,70.0,207.0
1774814688863.0,21.0,55.0,71.0,270.0
1774814698863.0,21.0,55.0,71.0,208.0
1774814708863.0,21.0,55.0,71.0,208.0
1774814718863.0,21.0,55.0,70.0,208.0
1774814728863.0,21.0,55.0,71.0,229.0
1774814738863.0,21.0,55.0,71.0,207.0
1774814748863.0,21.0,55.0,71.0,250.0
1774814758863.0,21.0,55.0,71.0,209.0
1774814768863.0,21.0,55.0,71.0,209.0
1774814778863.0,21.0,55.0,72.0,277.0
1774814788863.0,21.0,55.0,70.0,209.0
1774814798863.0,21.0,55.0,70.0,355.0
1774814808863.0,21.0,55.0,71.0,209.0
1774814818863.0,21.0,55.0,71.0,971.0
1774814828863.0,21.0,55.0,70.0,208.0
1774814838863.0,21.0,55.0,71.0,232.0
1774814848863.0,21.0,55.0,70.0,221.0
1774814858863.0,21.0,55.0,70.0,274.0
1774814868863.0,21.0,55.0,71.0,209.0
1774814878863.0,21.0,55.0,68.0,209.0
1774814888863.0,21.0,55.0,68.0,240.0
1774814898863.0,21.0,55.0,69.0,209.0
1774814908863.0,21.0,55.0,69.0,210.0
1774814918863.0,21.0,55.0,71.0,278.0
1774814928863.0,21.0,55.0,69.0,317.0
1774814938863.0,21.0,55.0,69.0,248.0
1774814948863.0,21.0,55.0,69.0,209.0
1774814958863.0,21.0,55.0,69.0,344.0
1774814968863.0,21.0,55.0,0.0,820.0
1774814978863.0,21.0,55.0,70.0,249.0
1774814988863.0,21.0,55.0,71.0,209.0
1774814998863.0,21.0,55.0,70.0,210.0
1774815008863.0,21.0,55.0,72.0,210.0
1774815018863.0,21.0,55.0,69.0,210.0
1774815028863.0,21.0,55.0,70.0,210.0
1774815038863.0,21.0,55.0,70.0,760.0
1774815048863.0,21.0,55.0,70.0,471.0
1774815058863.0,21.0,55.0,70.0,443.0
1774815068863.0,21.0,55.0,70.0,443.0
1774815078863.0,21.0,55.0,71.0,210.0
1774815088863.0,21.0,55.0,71.0,413.0
1774815098863.0,21.0,55.0,73.0,211.0
1774815108863.0,21.0,55.0,70.0,211.0
1774815118863.0,21.0,55.0,70.0,211.0
1774815128863.0,21.0,55.0,72.0,284.0
1774815138863.0,21.0,55.0,71.0,268.0
1774815148863.0,21.0,55.0,71.0,211.0
1774815158863.0,21.0,55.0,71.0,211.0
1774815168863.0,21.0,55.0,71.0,292.0
1774815178863.0,21.0,55.0,71.0,499.0
1774815188863.0,21.0,55.0,72.0,252.0
1774815198863.0,21.0,55.0,71.0,224.0
1774815208863.0,21.0,55.0,71.0,212.0
1774815218863.0,21.0,55.0,72.0,212.0
1774815228863.0,21.0,55.0,71.0,235.0
1774815238863.0,21.0,55.0,71.0,212.0
1774815248863.0,21.0,55.0,72.0,323.0
1774815258863.0,21.0,55.0,70.0,214.0
1774815268863.0,21.0,55.0,70.0,213.0
1774815278863.0,21.0,55.0,71.0,213.0
1774815288863.0,21.0,55.0,71.0,212.0
1774815298863.0,21.0,55.0,71.0,214.0
1774815308863.0,21.0,55.0,71.0,212.0
1774815318863.0,21.0,55.0,70.0,226.0
1774815328863.0,21.0,55.0,70.0,213.0
1774815338863.0,21.0,55.0,70.0,213.0
1774815348863.0,21.0,55.0,71.0,223.0
1774815358863.0,21.0,55.0,71.0,214.0
1774815368863.0,21.0,55.0,70.0,214.0
1774815378863.0,21.0,55.0,71.0,214.0
1774815388863.0,21.0,55.0,71.0,399.0
1774815398863.0,21.0,55.0,71.0,232.0
1774815408863.0,21.0,55.0,72.0,214.0
1774815418863.0,21.0,55.0,70.0,214.0
1774815428863.0,21.0,55.0,70.0,386.0
1774815438863.0,21.0,55.0,71.0,214.0
1774815448863.0,21.0,55.0,71.0,213.0
1774815458863.0,21.0,55.0,70.0,246.0
1774815468863.0,21.0,55.0,71.0,214.0
1774815478863.0,21.0,55.0,70.0,213.0
1774815488863.0,21.0,55.0,72.0,214.0
1774815498863.0,21.0,55.0,70.0,222.0
1774815508863.0,21.0,55.0,71.0,214.0
1774815518863.0,21.0,55.0,70.0,254.0
1774815528863.0,21.0,55.0,70.0,214.0
1774815538863.0,21.0,55.0,70.0,214.0
1774815548863.0,21.0,55.0,73.0,214.0
1774815558863.0,21.0,55.0,71.0,215.0
1774815568863.0,21.0,55.0,71.0,214.0
1774815578863.0,21.0,55.0,71.0,214.0
1774815588863.0,21.0,55.0,70.0,214.0
1774815598863.0,21.0,55.0,70.0,214.0
1774815608863.0,21.0,55.0,70.0,289.0
1774815618863.0,21.0,55.0,71.0,222.0
1774815628863.0,21.0,55.0,70.0,215.0
1774815638863.0,21.0,55.0,71.0,291.0
1774815648863.0,21.0,55.0,70.0,215.0
1774815658863.0,21.0,55.0,70.0,215.0
1774815668863.0,21.0,55.0,70.0,225.0
1774815678863.0,21.0,55.0,70.0,232.0
1774815688863.0,21.0,55.0,70.0,215.0
1774815698863.0,21.0,55.0,70.0,258.0
1774815708863.0,21.0,55.0,71.0,216.0
1774815718863.0,21.0,55.0,70.0,216.0
1774815728863.0,21.0,55.0,70.0,235.0
1774815738863.0,21.0,55.0,70.0,215.0
1774815748863.0,21.0,55.0,69.0,216.0
1774815758863.0,21.0,55.0,70.0,216.0
1774815768863.0,21.0,54.0,69.0,216.0
1774815778863.0,21.0,54.0,70.0,243.0
1774815788863.0,21.0,54.0,70.0,244.0
1774815798863.0,21.0,54.0,69.0,216.0
1774815808863.0,21.0,54.0,70.0,357.0
1774815818863.0,21.0,54.0,70.0,216.0
1774815828863.0,21.0,54.0,70.0,327.0
1774815838863.0,21.0,54.0,70.0,217.0
1774815848863.0,21.0,54.0,70.0,216.0
1774815858863.0,21.0,54.0,71.0,233.0
1774815868863.0,21.0,55.0,70.0,258.0
1774815878863.0,21.0,55.0,70.0,217.0
1774815888863.0,21.0,54.0,70.0,217.0
1774815898863.0,21.0,54.0,74.0,216.0
1774815908863.0,21.0,54.0,71.0,255.0
1774815918863.0,21.0,54.0,71.0,271.0
1774815928863.0,21.0,54.0,71.0,217.0
1774815938863.0,21.0,54.0,71.0,217.0
1774815948863.0,21.0,54.0,71.0,217.0
1774815958863.0,21.0,54.0,71.0,217.0
1774815968863.0,21.0,54.0,71.0,217.0
1774815978863.0,21.0,54.0,71.0,246.0
1774815988863.0,21.0,54.0,71.0,217.0
1774815998863.0,21.0,54.0,71.0,267.0
1774816008863.0,21.0,54.0,72.0,218.0
1774816018863.0,21.0,54.0,71.0,218.0
1774816028863.0,21.0,54.0,71.0,218.0
1774816038863.0,21.0,54.0,71.0,255.0
1774816048863.0,21.0,54.0,73.0,289.0
1774816058863.0,21.0,54.0,73.0,218.0
1774816068863.0,21.0,54.0,72.0,219.0
1774816078863.0,21.0,55.0,71.0,218.0
1774816088863.0,21.0,54.0,71.0,218.0
1774816098863.0,21.0,54.0,73.0,720.0
1774816108863.0,21.0,54.0,71.0,221.0
1774816118863.0,21.0,54.0,71.0,248.0
1774816128863.0,21.0,54.0,71.0,221.0
1774816138863.0,21.0,55.0,71.0,219.0
1774816148863.0,21.0,55.0,71.0,218.0
1774816158863.0,21.0,54.0,71.0,219.0
1774816168863.0,21.0,54.0,71.0,242.0
1774816178863.0,21.0,54.0,70.0,219.0
1774816188863.0,21.0,54.0,70.0,229.0
1774816198863.0,21.0,54.0,74.0,219.0
1774816208863.0,20.0,55.0,72.0,203.0
1774816218863.0,20.0,55.0,71.0,347.0
1774816228863.0,20.0,55.0,71.0,235.0
1774816238863.0,20.0,55.0,71.0,203.0
1774816248863.0,20.0,56.0,71.0,203.0
1774816258863.0,20.0,56.0,72.0,283.0
1774816268863.0,20.0,55.0,72.0,247.0
1774816278863.0,20.0,55.0,71.0,204.0
1774816288863.0,20.0,55.0,71.0,251.0
1774816298863.0,20.0,55.0,72.0,204.0
1774816308863.0,20.0,55.0,71.0,204.0
1774816318863.0,20.0,55.0,70.0,205.0
1774816328863.0,20.0,55.0,71.0,204.0
1774816338863.0,20.0,55.0,70.0,204.0
1774816348863.0,20.0,55.0,72.0,204.0
1774816358863.0,20.0,56.0,73.0,230.0
1774816368863.0,20.0,55.0,71.0,211.0
1774816378863.0,20.0,55.0,71.0,204.0
1774816388863.0,20.0,55.0,71.0,235.0
1774816398863.0,20.0,56.0,71.0,288.0
1774816408863.0,20.0,55.0,71.0,237.0
1774816418863.0,20.0,55.0,71.0,205.0
1774816428863.0,20.0,56.0,71.0,231.0
1774816438863.0,20.0,55.0,70.0,205.0
1774816448863.0,20.0,55.0,71.0,237.0
1774816458863.0,20.0,56.0,71.0,206.0
1774816468863.0,20.0,55.0,70.0,206.0
1774816478863.0,20.0,55.0,70.0,206.0
1774816488863.0,20.0,55.0,70.0,206.0
1774816498863.0,21.0,55.0,70.0,647.0
1774816508863.0,21.0,55.0,72.0,235.0
1774816518863.0,21.0,55.0,73.0,243.0
1774816528863.0,21.0,55.0,72.0,206.0
1774816538863.0,21.0,55.0,70.0,255.0
1774816548863.0,21.0,55.0,71.0,269.0
1774816558863.0,21.0,55.0,71.0,206.0
1774816568863.0,21.0,55.0,70.0,207.0
1774816578863.0,21.0,55.0,72.0,211.0
1774816588863.0,21.0,55.0,72.0,206.0
1774816598863.0,21.0,55.0,71.0,207.0
1774816608863.0,21.0,55.0,71.0,206.0
1774816618863.0,21.0,55.0,71.0,207.0
1774816628863.0,21.0,55.0,72.0,321.0
1774816638863.0,21.0,55.0,71.0,251.0
1774816648863.0,21.0,55.0,71.0,207.0
1774816658863.0,21.0,55.0,71.0,233.0
1774816668863.0,21.0,55.0,70.0,229.0
1774816678863.0,21.0,55.0,70.0,207.0
1774816688863.0,21.0,55.0,71.0,270.0
1774816698863.0,21.0,55.0,71.0,208.0
1774816708863.0,21.0,55.0,71.0,208.0
1774816718863.0,21.0,55.0,70.0,208.0
1774816728863.0,21.0,55.0,71.0,229.0
1774816738863.0,21.0,55.0,71.0,207.0
1774816748863.0,21.0,55.0,71.0,250.0
1774816758863.0,21.0,55.0,71.0,209.0
1774816768863.0,21.0,55.0,71.0,209.0
1774816778863.0,21.0,55.0,72.0,277.0
1774816788863.0,21.0,55.0,70.0,209.0
1774816798863.0,21.0,55.0,70.0,355.0
1774816808863.0,21.0,55.0,71.0,209.0
1774816818863.0,21.0,55.0,71.0,971.0
1774816828863.0,21.0,55.0,70.0,208.0
1774816838863.0,21.0,55.0,71.0,232.0
1774816848863.0,21.0,55.0,70.0,221.0
1774816858863.0,21.0,55.0,70.0,274.0
1774816868863.0,21.0,55.0,71.0,209.0
1774816878863.0,21.0,55.0,68.0,209.0
1774816888863.0,21.0,55.0,68.0,240.0
1774816898863.0,21.0,55.0,69.0,209.0
1774816908863.0,21.0,55.0,69.0,210.0
1774816918863.0,21.0,55.0,71.0,278.0
1774816928863.0,21.0,55.0,69.0,317.0
1774816938863.0,21.0,55.0,69.0,248.0
1774816948863.0,21.0,55.0,69.0,209.0
1774816958863.0,21.0,55.0,69.0,344.0
1774816968863.0,21.0,55.0,0.0,820.0
1774816978863.0,21.0,55.0,70.0,249.0
1774816988863.0,21.0,55.0,71.0,209.0
1774816998863.0,21.0,55.0,70.0,210.0
1774817008863.0,21.0,55.0,72.0,210.0
1774817018863.0,21.0,55.0,69.0,210.0
1774817028863.0,21.0,55.0,70.0,210.0
1774817038863.0,21.0,55.0,70.0,760.0
1774817048863.0,21.0,55.0,70.0,471.0
1774817058863.0,21.0,55.0,70.0,443.0
1774817068863.0,21.0,55.0,70.0,443.0
1774817078863.0,21.0,55.0,71.0,210.0
1774817088863.0,21.0,55.0,71.0,413.0
1774817098863.0,21.0,55.0,73.0,211.0
1774817108863.0,21.0,55.0,70.0,211.0
1774817118863.0,21.0,55.0,70.0,211.0
1774817128863.0,21.0,55.0,72.0,284.0
1774817138863.0,21.0,55.0,71.0,268.0
1774817148863.0,21.0,55.0,71.0,211.0
1774817158863.0,21.0,55.0,71.0,211.0
1774817168863.0,21.0,55.0,71.0,292.0
1774817178863.0,21.0,55.0,71.0,499.0
1774817188863.0,21.0,55.0,72.0,252.0
1774817198863.0,21.0,55.0,71.0,224.0
1774817208863.0,21.0,55.0,71.0,212.0
1774817218863.0,21.0,55.0,72.0,212.0
1774817228863.0,21.0,55.0,71.0,235.0
1774817238863.0,21.0,55.0,71.0,212.0
1774817248863.0,21.0,55.0,72.0,323.0
1774817258863.0,21.0,55.0,70.0,214.0
1774817268863.0,21.0,55.0,70.0,213.0
1774817278863.0,21.0,55.0,71.0,213.0
1774817288863.0,21.0,55.0,71.0,212.0
1774817298863.0,21.0,55.0,71.0,214.0
1774817308863.0,21.0,55.0,71.0,212.0
1774817318863.0,21.0,55.0,70.0,226.0
1774817328863.0,21.0,55.0,70.0,213.0
1774817338863.0,21.0,55.0,70.0,213.0
1774817348863.0,21.0,55.0,71.0,223.0
1774817358863.0,21.0,55.0,71.0,214.0
1774817368863.0,21.0,55.0,70.0,214.0
1774817378863.0,21.0,55.0,71.0,214.0
1774817388863.0,21.0,55.0,71.0,399.0
1774817398863.0,21.0,55.0,71.0,232.0
1774817408863.0,21.0,55.0,72.0,214.0
1774817418863.0,21.0,55.0,70.0,214.0
1774817428863.0,21.0,55.0,70.0,386.0
1774817438863.0,21.0,55.0,71.0,214.0
1774817448863.0,21.0,55.0,71.0,213.0
1774817458863.0,21.0,55.0,70.0,246.0
1774817468863.0,21.0,55.0,71.0,214.0
1774817478863.0,21.0,55.0,70.0,213.0
1774817488863.0,21.0,55.0,72.0,214.0
1774817498863.0,21.0,55.0,70.0,222.0
1774817508863.0,21.0,55.0,71.0,214.0
1774817518863.0,21.0,55.0,70.0,254.0
1774817528863.0,21.0,55.0,70.0,214.0
1774817538863.0,21.0,55.0,70.0,214.0
1774817548863.0,21.0,55.0,73.0,214.0
1774817558863.0,21.0,55.0,71.0,215.0
1774817568863.0,21.0,55.0,71.0,214.0
1774817578863.0,21.0,55.0,71.0,214.0
1774817588863.0,21.0,55.0,70.0,214.0
1774817598863.0,21.0,55.0,70.0,214.0
1774817608863.0,21.0,55.0,70.0,289.0
1774817618863.0,21.0,55.0,71.0,222.0
1774817628863.0,21.0,55.0,70.0,215.0
1774817638863.0,21.0,55.0,71.0,291.0
1774817648863.0,21.0,55.0,70.0,215.0
1774817658863.0,21.0,55.0,70.0,215.0
1774817668863.0,21.0,55.0,70.0,225.0
1774817678863.0,21.0,55.0,70.0,232.0
1774817688863.0,21.0,55.0,70.0,215.0
1774817698863.0,21.0,55.0,70.0,258.0
1774817708863.0,21.0,55.0,71.0,216.0
1774817718863.0,21.0,55.0,70.0,216.0
1774817728863.0,21.0,55.0,70.0,235.0
1774817738863.0,21.0,55.0,70.0,215.0
1774817748863.0,21.0,55.0,69.0,216.0
1774817758863.0,21.0,55.0,70.0,216.0
1774817768863.0,21.0,54.0,69.0,216.0
1774817778863.0,21.0,54.0,70.0,243.0
1774817788863.0,21.0,54.0,70.0,244.0
1774817798863.0,21.0,54.0,69.0,216.0
1774817808863.0,21.0,54.0,70.0,357.0
1774817818863.0,21.0,54.0,70.0,216.0
1774817828863.0,21.0,54.0,70.0,327.0
1774817838863.0,21.0,54.0,70.0,217.0
1774817848863.0,21.0,54.0,70.0,216.0
1774817858863.0,21.0,54.0,71.0,233.0
1774817868863.0,21.0,55.0,70.0,258.0
1774817878863.0,21.0,55.0,70.0,217.0
1774817888863.0,21.0,54.0,70.0,217.0
1774817898863.0,21.0,54.0,74.0,216.0
1774817908863.0,21.0,54.0,71.0,255.0
1774817918863.0,21.0,54.0,71.0,271.0
1774817928863.0,21.0,54.0,71.0,217.0
1774817938863.0,21.0,54.0,71.0,217.0
1774817948863.0,21.0,54.0,71.0,217.0
1774817958863.0,21.0,54.0,71.0,217.0
1774817968863.0,21.0,54.0,71.0,217.0
1774817978863.0,21.0,54.0,71.0,246.0
1774817988863.0,21.0,54.0,71.0,217.0
1774817998863.0,21.0,54.0,71.0,267.0
1774818008863.0,21.0,54.0,72.0,218.0
1774818018863.0,21.0,54.0,71.0,218.0
1774818028863.0,21.0,54.0,71.0,218.0
1774818038863.0,21.0,54.0,71.0,255.0
1774818048863.0,21.0,54.0,73.0,289.0
1774818058863.0,21.0,54.0,73.0,218.0
1774818068863.0,21.0,54.0,72.0,219.0
1774818078863.0,21.0,55.0,71.0,218.0
1774818088863.0,21.0,54.0,71.0,218.0
1774818098863.0,21.0,54.0,73.0,720.0
1774818108863.0,21.0,54.0,71.0,221.0
1774818118863.0,21.0,54.0,71.0,248.0
1774818128863.0,21.0,54.0,71.0,221.0
1774818138863.0,21.0,55.0,71.0,219.0
1774818148863.0,21.0,55.0,71.0,218.0
1774818158863.0,21.0,54.0,71.0,219.0
1774818168863.0,21.0,54.0,71.0,242.0
1774818178863.0,21.0,54.0,70.0,219.0
1774818188863.0,21.0,54.0,70.0,229.0
1774818198863.0,21.0,54.0,74.0,219.0
1774818208863.0,20.0,55.0,72.0,203.0
1774818218863.0,20.0,55.0,71.0,347.0
1774818228863.0,20.0,55.0,71.0,235.0
1774818238863.0,20.0,55.0,71.0,203.0
1774818248863.0,20.0,56.0,71.0,203.0
1774818258863.0,20.0,56.0,72.0,283.0
1774818268863.0,20.0,55.0,72.0,247.0
1774818278863.0,20.0,55.0,71.0,204.0
1774818288863.0,20.0,55.0,71.0,251.0
1774818298863.0,20.0,55.0,72.0,204.0
1774818308863.0,20.0,55.0,71.0,204.0
1774818318863.0,20.0,55.0,70.0,205.0
1774818328863.0,20.0,55.0,71.0,204.0
1774818338863.0,20.0,55.0,70.0,204.0
1774818348863.0,20.0,55.0,72.0,204.0
1774818358863.0,20.0,56.0,73.0,230.0
1774818368863.0,20.0,55.0,71.0,211.0
1774818378863.0,20.0,55.0,71.0,204.0
1774818388863.0,20.0,55.0,71.0,235.0
1774818398863.0,20.0,56.0,71.0,288.0
1774818408863.0,20.0,55.0,71.0,237.0
1774818418863.0,20.0,55.0,71.0,205.0
1774818428863.0,20.0,56.0,71.0,231.0
1774818438863.0,20.0,55.0,70.0,205.0
1774818448863.0,20.0,55.0,71.0,237.0
1774818458863.0,20.0,56.0,71.0,206.0
1774818468863.0,20.0,55.0,70.0,206.0
1774818478863.0,20.0,55.0,70.0,206.0
1774818488863.0,20.0,55.0,70.0,206.0
1774818498863.0,21.0,55.0,70.0,647.0
1774818508863.0,21.0,55.0,72.0,235.0
1774818518863.0,21.0,55.0,73.0,243.0
1774818528863.0,21.0,55.0,72.0,206.0
1774818538863.0,21.0,55.0,70.0,255.0
1774818548863.0,21.0,55.0,71.0,269.0
1774818558863.0,21.0,55.0,71.0,206.0
1774818568863.0,21.0,55.0,70.0,207.0
1774818578863.0,21.0,55.0,72.0,211.0
1774818588863.0,21.0,55.0,72.0,206.0
1774818598863.0,21.0,55.0,71.0,207.0
1774818608863.0,21.0,55.0,71.0,206.0
1774818618863.0,21.0,55.0,71.0,207.0
1774818628863.0,21.0,55.0,72.0,321.0
1774818638863.0,21.0,55.0,71.0,251.0
1774818648863.0,21.0,55.0,71.0,207.0
1774818658863.0,21.0,55.0,71.0,233.0
1774818668863.0,21.0,55.0,70.0,229.0
1774818678863.0,21.0,55.0,70.0,207.0
1774818688863.0,21.0,55.0,71.0,270.0
1774818698863.0,21.0,55.0,71.0,208.0
1774818708863.0,21.0,55.0,71.0,208.0
1774818718863.0,21.0,55.0,70.0,208.0
1774818728863.0,21.0,55.0,71.0,229.0
1774818738863.0,21.0,55.0,71.0,207.0
1774818748863.0,21.0,55.0,71.0,250.0
1774818758863.0,21.0,55.0,71.0,209.0
1774818768863.0,21.0,55.0,71.0,209.0
1774818778863.0,21.0,55.0,72.0,277.0
1774818788863.0,21.0,55.0,70.0,209.0
1774818798863.0,21.0,55.0,70.0,355.0
1774818808863.0,21.0,55.0,71.0,209.0
1774818818863.0,21.0,55.0,71.0,971.0
1774818828863.0,21.0,55.0,70.0,208.0
1774818838863.0,21.0,55.0,71.0,232.0
1774818848863.0,21.0,55.0,70.0,221.0
1774818858863.0,21.0,55.0,70.0,274.0
1774818868863.0,21.0,55.0,71.0,209.0
1774818878863.0,21.0,55.0,68.0,209.0
1774818888863.0,21.0,55.0,68.0,240.0
1774818898863.0,21.0,55.0,69.0,209.0
1774818908863.0,21.0,55.0,69.0,210.0
1774818918863.0,21.0,55.0,71.0,278.0
1774818928863.0,21.0,55.0,69.0,317.0
1774818938863.0,21.0,55.0,69.0,248.0
1774818948863.0,21.0,55.0,69.0,209.0
1774818958863.0,21.0,55.0,69.0,344.0
1774818968863.0,21.0,55.0,0.0,820.0
1774818978863.0,21.0,55.0,70.0,249.0
1774818988863.0,21.0,55.0,71.0,209.0
1774818998863.0,21.0,55.0,70.0,210.0
1774819008863.0,21.0,55.0,72.0,210.0
1774819018863.0,21.0,55.0,69.0,210.0
1774819028863.0,21.0,55.0,70.0,210.0
1774819038863.0,21.0,55.0,70.0,760.0
1774819048863.0,21.0,55.0,70.0,471.0
1774819058863.0,21.0,55.0,70.0,443.0
1774819068863.0,21.0,55.0,70.0,443.0
1774819078863.0,21.0,55.0,71.0,210.0
1774819088863.0,21.0,55.0,71.0,413.0
1774819098863.0,21.0,55.0,73.0,211.0
1774819108863.0,21.0,55.0,70.0,211.0
1774819118863.0,21.0,55.0,70.0,211.0
1774819128863.0,21.0,55.0,72.0,284.0
1774819138863.0,21.0,55.0,71.0,268.0
1774819148863.0,21.0,55.0,71.0,211.0
1774819158863.0,21.0,55.0,71.0,211.0
1774819168863.0,21.0,55.0,71.0,292.0
1774819178863.0,21.0,55.0,71.0,499.0
1774819188863.0,21.0,55.0,72.0,252.0
1774819198863.0,21.0,55.0,71.0,224.0
1774819208863.0,21.0,55.0,71.0,212.0
1774819218863.0,21.0,55.0,72.0,212.0
1774819228863.0,21.0,55.0,71.0,235.0
1774819238863.0,21.0,55.0,71.0,212.0
1774819248863.0,21.0,55.0,72.0,323.0
1774819258863.0,21.0,55.0,70.0,214.0
1774819268863.0,21.0,55.0,70.0,213.0
1774819278863.0,21.0,55.0,71.0,213.0
1774819288863.0,21.0,55.0,71.0,212.0
1774819298863.0,21.0,55.0,71.0,214.0
1774819308863.0,21.0,55.0,71.0,212.0
1774819318863.0,21.0,55.0,70.0,226.0
1774819328863.0,21.0,55.0,70.0,213.0
1774819338863.0,21.0,55.0,70.0,213.0
1774819348863.0,21.0,55.0,71.0,223.0
1774819358863.0,21.0,55.0,71.0,214.0
1774819368863.0,21.0,55.0,70.0,214.0
1774819378863.0,21.0,55.0,71.0,214.0
1774819388863.0,21.0,55.0,71.0,399.0
1774819398863.0,21.0,55.0,71.0,232.0
1774819408863.0,21.0,55.0,72.0,214.0
1774819418863.0,21.0,55.0,70.0,214.0
1774819428863.0,21.0,55.0,70.0,386.0
1774819438863.0,21.0,55.0,71.0,214.0
1774819448863.0,21.0,55.0,71.0,213.0
1774819458863.0,21.0,55.0,70.0,246.0
1774819468863.0,21.0,55.0,71.0,214.0
1774819478863.0,21.0,55.0,70.0,213.0
1774819488863.0,21.0,55.0,72.0,214.0
1774819498863.0,21.0,55.0,70.0,222.0
1774819508863.0,21.0,55.0,71.0,214.0
1774819518863.0,21.0,55.0,70.0,254.0
1774819528863.0,21.0,55.0,70.0,214.0
1774819538863.0,21.0,55.0,70.0,214.0
1774819548863.0,21.0,55.0,73.0,214.0
1774819558863.0,21.0,55.0,71.0,215.0
1774819568863.0,21.0,55.0,71.0,214.0
1774819578863.0,21.0,55.0,71.0,214.0
1774819588863.0,21.0,55.0,70.0,214.0
1774819598863.0,21.0,55.0,70.0,214.0
1774819608863.0,21.0,55.0,70.0,289.0
1774819618863.0,21.0,55.0,71.0,222.0
1774819628863.0,21.0,55.0,70.0,215.0
1774819638863.0,21.0,55.0,71.0,291.0
1774819648863.0,21.0,55.0,70.0,215.0
1774819658863.0,21.0,55.0,70.0,215.0
1774819668863.0,21.0,55.0,70.0,225.0
1774819678863.0,21.0,55.0,70.0,232.0
1774819688863.0,21.0,55.0,70.0,215.0
1774819698863.0,21.0,55.0,70.0,258.0
1774819708863.0,21.0,55.0,71.0,216.0
1774819718863.0,21.0,55.0,70.0,216.0
1774819728863.0,21.0,55.0,70.0,235.0
1774819738863.0,21.0,55.0,70.0,215.0
1774819748863.0,21.0,55.0,69.0,216.0
1774819758863.0,21.0,55.0,70.0,216.0
1774819768863.0,21.0,54.0,69.0,216.0
1774819778863.0,21.0,54.0,70.0,243.0
1774819788863.0,21.0,54.0,70.0,244.0
1774819798863.0,21.0,54.0,69.0,216.0
1774819808863.0,21.0,54.0,70.0,357.0
1774819818863.0,21.0,54.0,70.0,216.0
1774819828863.0,21.0,54.0,70.0,327.0
1774819838863.0,21.0,54.0,70.0,217.0
1774819848863.0,21.0,54.0,70.0,216.0
1774819858863.0,21.0,54.0,71.0,233.0
1774819868863.0,21.0,55.0,70.0,258.0
1774819878863.0,21.0,55.0,70.0,217.0
1774819888863.0,21.0,54.0,70.0,217.0
1774819898863.0,21.0,54.0,74.0,216.0
1774819908863.0,21.0,54.0,71.0,255.0
1774819918863.0,21.0,54.0,71.0,271.0
1774819928863.0,21.0,54.0,71.0,217.0
1774819938863.0,21.0,54.0,71.0,217.0
1774819948863.0,21.0,54.0,71.0,217.0
1774819958863.0,21.0,54.0,71.0,217.0
1774819968863.0,21.0,54.0,71.0,217.0
1774819978863.0,21.0,54.0,71.0,246.0
1774819988863.0,21.0,54.0,71.0,217.0
1774819998863.0,21.0,54.0,71.0,267.0
1774820008863.0,21.0,54.0,72.0,218.0
1774820018863.0,21.0,54.0,71.0,218.0
1774820028863.0,21.0,54.0,71.0,218.0
1774820038863.0,21.0,54.0,71.0,255.0
1774820048863.0,21.0,54.0,73.0,289.0
1774820058863.0,21.0,54.0,73.0,218.0
1774820068863.0,21.0,54.0,72.0,219.0
1774820078863.0,21.0,55.0,71.0,218.0
1774820088863.0,21.0,54.0,71.0,218.0
1774820098863.0,21.0,54.0,73.0,720.0
1774820108863.0,21.0,54.0,71.0,221.0
1774820118863.0,21.0,54.0,71.0,248.0
1774820128863.0,21.0,54.0,71.0,221.0
1774820138863.0,21.0,55.0,71.0,219.0
1774820148863.0,21.0,55.0,71.0,218.0
1774820158863.0,21.0,54.0,71.0,219.0
1774820168863.0,21.0,54.0,71.0,242.0
1774820178863.0,21.0,54.0,70.0,219.0
1774820188863.0,21.0,54.0,70.0,229.0
1774820198863.0,21.0,54.0,74.0,219.0
1774820208863.0,20.0,55.0,72.0,203.0
1774820218863.0,20.0,55.0,71.0,347.0
1774820228863.0,20.0,55.0,71.0,235.0
1774820238863.0,20.0,55.0,71.0,203.0
1774820248863.0,20.0,56.0,71.0,203.0
1774820258863.0,20.0,56.0,72.0,283.0
1774820268863.0,20.0,55.0,72.0,247.0
1774820278863.0,20.0,55.0,71.0,204.0
1774820288863.0,20.0,55.0,71.0,251.0
1774820298863.0,20.0,55.0,72.0,204.0
1774820308863.0,20.0,55.0,71.0,204.0
1774820318863.0,20.0,55.0,70.0,205.0
1774820328863.0,20.0,55.0,71.0,204.0
1774820338863.0,20.0,55.0,70.0,204.0
1774820348863.0,20.0,55.0,72.0,204.0
1774820358863.0,20.0,56.0,73.0,230.0
1774820368863.0,20.0,55.0,71.0,211.0
1774820378863.0,20.0,55.0,71.0,204.0
1774820388863.0,20.0,55.0,71.0,235.0
1774820398863.0,20.0,56.0,71.0,288.0
1774820408863.0,20.0,55.0,71.0,237.0
1774820418863.0,20.0,55.0,71.0,205.0
1774820428863.0,20.0,56.0,71.0,231.0
1774820438863.0,20.0,55.0,70.0,205.0
1774820448863.0,20.0,55.0,71.0,237.0
1774820458863.0,20.0,56.0,71.0,206.0
1774820468863.0,20.0,55.0,70.0,206.0
1774820478863.0,20.0,55.0,70.0,206.0
1774820488863.0,20.0,55.0,70.0,206.0
1774820498863.0,21.0,55.0,70.0,647.0
1774820508863.0,21.0,55.0,72.0,235.0
1774820518863.0,21.0,55.0,73.0,243.0
1774820528863.0,21.0,55.0,72.0,206.0
1774820538863.0,21.0,55.0,70.0,255.0
1774820548863.0,21.0,55.0,71.0,269.0
1774820558863.0,21.0,55.0,71.0,206.0
1774820568863.0,21.0,55.0,70.0,207.0
1774820578863.0,21.0,55.0,72.0,211.0
1774820588863.0,21.0,55.0,72.0,206.0
1774820598863.0,21.0,55.0,71.0,207.0
1774820608863.0,21.0,55.0,71.0,206.0
1774820618863.0,21.0,55.0,71.0,207.0
1774820628863.0,21.0,55.0,72.0,321.0
1774820638863.0,21.0,55.0,71.0,251.0
1774820648863.0,21.0,55.0,71.0,207.0
1774820658863.0,21.0,55.0,71.0,233.0
1774820668863.0,21.0,55.0,70.0,229.0
1774820678863.0,21.0,55.0,70.0,207.0
1774820688863.0,21.0,55.0,71.0,270.0
1774820698863.0,21.0,55.0,71.0,208.0
1774820708863.0,21.0,55.0,71.0,208.0
1774820718863.0,21.0,55.0,70.0,208.0
1774820728863.0,21.0,55.0,71.0,229.0
1774820738863.0,21.0,55.0,71.0,207.0
1774820748863.0,21.0,55.0,71.0,250.0
1774820758863.0,21.0,55.0,71.0,209.0
1774820768863.0,21.0,55.0,71.0,209.0
1774820778863.0,21.0,55.0,72.0,277.0
1774820788863.0,21.0,55.0,70.0,209.0
1774820798863.0,21.0,55.0,70.0,355.0
1774820808863.0,21.0,55.0,71.0,209.0
1774820818863.0,21.0,55.0,71.0,971.0
1774820828863.0,21.0,55.0,70.0,208.0
1774820838863.0,21.0,55.0,71.0,232.0
1774820848863.0,21.0,55.0,70.0,221.0
1774820858863.0,21.0,55.0,70.0,274.0
1774820868863.0,21.0,55.0,71.0,209.0
1774820878863.0,21.0,55.0,68.0,209.0
1774820888863.0,21.0,55.0,68.0,240.0
1774820898863.0,21.0,55.0,69.0,209.0
1774820908863.0,21.0,55.0,69.0,210.0
1774820918863.0,21.0,55.0,71.0,278.0
1774820928863.0,21.0,55.0,69.0,317.0
1774820938863.0,21.0,55.0,69.0,248.0
1774820948863.0,21.0,55.0,69.0,209.0
1774820958863.0,21.0,55.0,69.0,344.0
1774820968863.0,21.0,55.0,0.0,820.0
1774820978863.0,21.0,55.0,70.0,249.0
1774820988863.0,21.0,55.0,71.0,209.0
1774820998863.0,21.0,55.0,70.0,210.0
1774821008863.0,21.0,55.0,72.0,210.0
1774821018863.0,21.0,55.0,69.0,210.0
1774821028863.0,21.0,55.0,70.0,210.0
1774821038863.0,21.0,55.0,70.0,760.0
1774821048863.0,21.0,55.0,70.0,471.0
1774821058863.0,21.0,55.0,70.0,443.0
1774821068863.0,21.0,55.0,70.0,443.0
1774821078863.0,21.0,55.0,71.0,210.0
1774821088863.0,21.0,55.0,71.0,413.0
1774821098863.0,21.0,55.0,73.0,211.0
1774821108863.0,21.0,55.0,70.0,211.0
1774821118863.0,21.0,55.0,70.0,211.0
1774821128863.0,21.0,55.0,72.0,284.0
1774821138863.0,21.0,55.0,71.0,268.0
1774821148863.0,21.0,55.0,71.0,211.0
1774821158863.0,21.0,55.0,71.0,211.0
1774821168863.0,21.0,55.0,71.0,292.0
1774821178863.0,21.0,55.0,71.0,499.0
1774821188863.0,21.0,55.0,72.0,252.0
1774821198863.0,21.0,55.0,71.0,224.0
1774821208863.0,21.0,55.0,71.0,212.0
1774821218863.0,21.0,55.0,72.0,212.0
1774821228863.0,21.0,55.0,71.0,235.0
1774821238863.0,21.0,55.0,71.0,212.0
1774821248863.0,21.0,55.0,72.0,323.0
1774821258863.0,21.0,55.0,70.0,214.0
1774821268863.0,21.0,55.0,70.0,213.0
1774821278863.0,21.0,55.0,71.0,213.0
1774821288863.0,21.0,55.0,71.0,212.0
1774821298863.0,21.0,55.0,71.0,214.0
1774821308863.0,21.0,55.0,71.0,212.0
1774821318863.0,21.0,55.0,70.0,226.0
1774821328863.0,21.0,55.0,70.0,213.0
1774821338863.0,21.0,55.0,70.0,213.0
1774821348863.0,21.0,55.0,71.0,223.0
1774821358863.0,21.0,55.0,71.0,214.0
1774821368863.0,21.0,55.0,70.0,214.0
1774821378863.0,21.0,55.0,71.0,214.0
1774821388863.0,21.0,55.0,71.0,399.0
1774821398863.0,21.0,55.0,71.0,232.0
1774821408863.0,21.0,55.0,72.0,214.0
1774821418863.0,21.0,55.0,70.0,214.0
1774821428863.0,21.0,55.0,70.0,386.0
1774821438863.0,21.0,55.0,71.0,214.0
1774821448863.0,21.0,55.0,71.0,213.0
1774821458863.0,21.0,55.0,70.0,246.0
1774821468863.0,21.0,55.0,71.0,214.0
1774821478863.0,21.0,55.0,70.0,213.0
1774821488863.0,21.0,55.0,72.0,214.0
1774821498863.0,21.0,55.0,70.0,222.0
1774821508863.0,21.0,55.0,71.0,214.0
1774821518863.0,21.0,55.0,70.0,254.0
1774821528863.0,21.0,55.0,70.0,214.0
1774821538863.0,21.0,55.0,70.0,214.0
1774821548863.0,21.0,55.0,73.0,214.0
1774821558863.0,21.0,55.0,71.0,215.0
1774821568863.0,21.0,55.0,71.0,214.0
1774821578863.0,21.0,55.0,71.0,214.0
1774821588863.0,21.0,55.0,70.0,214.0
1774821598863.0,21.0,55.0,70.0,214.0
1774821608863.0,21.0,55.0,70.0,289.0
1774821618863.0,21.0,55.0,71.0,222.0
1774821628863.0,21.0,55.0,70.0,215.0
1774821638863.0,21.0,55.0,71.0,291.0
1774821648863.0,21.0,55.0,70.0,215.0
1774821658863.0,21.0,55.0,70.0,215.0
1774821668863.0,21.0,55.0,70.0,225.0
1774821678863.0,21.0,55.0,70.0,232.0
1774821688863.0,21.0,55.0,70.0,215.0
1774821698863.0,21.0,55.0,70.0,258.0
1774821708863.0,21.0,55.0,71.0,216.0
1774821718863.0,21.0,55.0,70.0,216.0
1774821728863.0,21.0,55.0,70.0,235.0
1774821738863.0,21.0,55.0,70.0,215.0
1774821748863.0,21.0,55.0,69.0,216.0
1774821758863.0,21.0,55.0,70.0,216.0
1774821768863.0,21.0,54.0,69.0,216.0
1774821778863.0,21.0,54.0,70.0,243.0
1774821788863.0,21.0,54.0,70.0,244.0
1774821798863.0,21.0,54.0,69.0,216.0
1774821808863.0,21.0,54.0,70.0,357.0
1774821818863.0,21.0,54.0,70.0,216.0
1774821828863.0,21.0,54.0,70.0,327.0
1774821838863.0,21.0,54.0,70.0,217.0
1774821848863.0,21.0,54.0,70.0,216.0
1774821858863.0,21.0,54.0,71.0,233.0
1774821868863.0,21.0,55.0,70.0,258.0
1774821878863.0,21.0,55.0,70.0,217.0
1774821888863.0,21.0,54.0,70.0,217.0
1774821898863.0,21.0,54.0,74.0,216.0
1774821908863.0,21.0,54.0,71.0,255.0
1774821918863.0,21.0,54.0,71.0,271.0
1774821928863.0,21.0,54.0,71.0,217.0
1774821938863.0,21.0,54.0,71.0,217.0
1774821948863.0,21.0,54.0,71.0,217.0
1774821958863.0,21.0,54.0,71.0,217.0
1774821968863.0,21.0,54.0,71.0,217.0
1774821978863.0,21.0,54.0,71.0,246.0
1774821988863.0,21.0,54.0,71.0,217.0
1774821998863.0,21.0,54.0,71.0,267.0
1774822008863.0,21.0,54.0,72.0,218.0
1774822018863.0,21.0,54.0,71.0,218.0
1774822028863.0,21.0,54.0,71.0,218.0
1774822038863.0,21.0,54.0,71.0,255.0
1774822048863.0,21.0,54.0,73.0,289.0
1774822058863.0,21.0,54.0,73.0,218.0
1774822068863.0,21.0,54.0,72.0,219.0
1774822078863.0,21.0,55.0,71.0,218.0
1774822088863.0,21.0,54.0,71.0,218.0
1774822098863.0,21.0,54.0,73.0,720.0
1774822108863.0,21.0,54.0,71.0,221.0
1774822118863.0,21.0,54.0,71.0,248.0
1774822128863.0,21.0,54.0,71.0,221.0
1774822138863.0,21.0,55.0,71.0,219.0
1774822148863.0,21.0,55.0,71.0,218.0
1774822158863.0,21.0,54.0,71.0,219.0
1774822168863.0,21.0,54.0,71.0,242.0
1774822178863.0,21.0,54.0,70.0,219.0
1774822188863.0,21.0,54.0,70.0,229.0
1774822198863.0,21.0,54.0,74.0,219.0
1774822208863.0,20.0,55.0,72.0,203.0
1774822218863.0,20.0,55.0,71.0,347.0
1774822228863.0,20.0,55.0,71.0,235.0
1774822238863.0,20.0,55.0,71.0,203.0
1774822248863.0,20.0,56.0,71.0,203.0
1774822258863.0,20.0,56.0,72.0,283.0
1774822268863.0,20.0,55.0,72.0,247.0
1774822278863.0,20.0,55.0,71.0,204.0
1774822288863.0,20.0,55.0,71.0,251.0
1774822298863.0,20.0,55.0,72.0,204.0
1774822308863.0,20.0,55.0,71.0,204.0
1774822318863.0,20.0,55.0,70.0,205.0
1774822328863.0,20.0,55.0,71.0,204.0
1774822338863.0,20.0,55.0,70.0,204.0
1774822348863.0,20.0,55.0,72.0,204.0
1774822358863.0,20.0,56.0,73.0,230.0
1774822368863.0,20.0,55.0,71.0,211.0
1774822378863.0,20.0,55.0,71.0,204.0
1774822388863.0,20.0,55.0,71.0,235.0
1774822398863.0,20.0,56.0,71.0,288.0
1774822408863.0,20.0,55.0,71.0,237.0
1774822418863.0,20.0,55.0,71.0,205.0
1774822428863.0,20.0,56.0,71.0,231.0
1774822438863.0,20.0,55.0,70.0,205.0
1774822448863.0,20.0,55.0,71.0,237.0
1774822458863.0,20.0,56.0,71.0,206.0
1774822468863.0,20.0,55.0,70.0,206.0
1774822478863.0,20.0,55.0,70.0,206.0
1774822488863.0,20.0,55.0,70.0,206.0
1774822498863.0,21.0,55.0,70.0,647.0
1774822508863.0,21.0,55.0,72.0,235.0
1774822518863.0,21.0,55.0,73.0,243.0
1774822528863.0,21.0,55.0,72.0,206.0
1774822538863.0,21.0,55.0,70.0,255.0
1774822548863.0,21.0,55.0,71.0,269.0
1774822558863.0,21.0,55.0,71.0,206.0
1774822568863.0,21.0,55.0,70.0,207.0
1774822578863.0,21.0,55.0,72.0,211.0
1774822588863.0,21.0,55.0,72.0,206.0
1774822598863.0,21.0,55.0,71.0,207.0
1774822608863.0,21.0,55.0,71.0,206.0
1774822618863.0,21.0,55.0,71.0,207.0
1774822628863.0,21.0,55.0,72.0,321.0
1774822638863.0,21.0,55.0,71.0,251.0
1774822648863.0,21.0,55.0,71.0,207.0
1774822658863.0,21.0,55.0,71.0,233.0
1774822668863.0,21.0,55.0,70.0,229.0
1774822678863.0,21.0,55.0,70.0,207.0
1774822688863.0,21.0,55.0,71.0,270.0
1774822698863.0,21.0,55.0,71.0,208.0
1774822708863.0,21.0,55.0,71.0,208.0
1774822718863.0,21.0,55.0,70.0,208.0
1774822728863.0,21.0,55.0,71.0,229.0
1774822738863.0,21.0,55.0,71.0,207.0
1774822748863.0,21.0,55.0,71.0,250.0
1774822758863.0,21.0,55.0,71.0,209.0
1774822768863.0,21.0,55.0,71.0,209.0
1774822778863.0,21.0,55.0,72.0,277.0
1774822788863.0,21.0,55.0,70.0,209.0
1774822798863.0,21.0,55.0,70.0,355.0
1774822808863.0,21.0,55.0,71.0,209.0
1774822818863.0,21.0,55.0,71.0,971.0
1774822828863.0,21.0,55.0,70.0,208.0
1774822838863.0,21.0,55.0,71.0,232.0
1774822848863.0,21.0,55.0,70.0,221.0
1774822858863.0,21.0,55.0,70.0,274.0
1774822868863.0,21.0,55.0,71.0,209.0
1774822878863.0,21.0,55.0,68.0,209.0
1774822888863.0,21.0,55.0,68.0,240.0
1774822898863.0,21.0,55.0,69.0,209.0
1774822908863.0,21.0,55.0,69.0,210.0
1774822918863.0,21.0,55.0,71.0,278.0
1774822928863.0,21.0,55.0,69.0,317.0
1774822938863.0,21.0,55.0,69.0,248.0
1774822948863.0,21.0,55.0,69.0,209.0
1774822958863.0,21.0,55.0,69.0,344.0
1774822968863.0,21.0,55.0,0.0,820.0
1774822978863.0,21.0,55.0,70.0,249.0
1774822988863.0,21.0,55.0,71.0,209.0
1774822998863.0,21.0,55.0,70.0,210.0
1774823008863.0,21.0,55.0,72.0,210.0
1774823018863.0,21.0,55.0,69.0,210.0
1774823028863.0,21.0,55.0,70.0,210.0
1774823038863.0,21.0,55.0,70.0,760.0
1774823048863.0,21.0,55.0,70.0,471.0
1774823058863.0,21.0,55.0,70.0,443.0
1774823068863.0,21.0,55.0,70.0,443.0
1774823078863.0,21.0,55.0,71.0,210.0
1774823088863.0,21.0,55.0,71.0,413.0
1774823098863.0,21.0,55.0,73.0,211.0
1774823108863.0,21.0,55.0,70.0,211.0
1774823118863.0,21.0,55.0,70.0,211.0
1774823128863.0,21.0,55.0,72.0,284.0
1774823138863.0,21.0,55.0,71.0,268.0
1774823148863.0,21.0,55.0,71.0,211.0
1774823158863.0,21.0,55.0,71.0,211.0
1774823168863.0,21.0,55.0,71.0,292.0
1774823178863.0,21.0,55.0,71.0,499.0
1774823188863.0,21.0,55.0,72.0,252.0
1774823198863.0,21.0,55.0,71.0,224.0
1774823208863.0,21.0,55.0,71.0,212.0
1774823218863.0,21.0,55.0,72.0,212.0
1774823228863.0,21.0,55.0,71.0,235.0
1774823238863.0,21.0,55.0,71.0,212.0
1774823248863.0,21.0,55.0,72.0,323.0
1774823258863.0,21.0,55.0,70.0,214.0
1774823268863.0,21.0,55.0,70.0,213.0
1774823278863.0,21.0,55.0,71.0,213.0
1774823288863.0,21.0,55.0,71.0,212.0
1774823298863.0,21.0,55.0,71.0,214.0
1774823308863.0,21.0,55.0,71.0,212.0
1774823318863.0,21.0,55.0,70.0,226.0
1774823328863.0,21.0,55.0,70.0,213.0
1774823338863.0,21.0,55.0,70.0,213.0
1774823348863.0,21.0,55.0,71.0,223.0
1774823358863.0,21.0,55.0,71.0,214.0
1774823368863.0,21.0,55.0,70.0,214.0
1774823378863.0,21.0,55.0,71.0,214.0
1774823388863.0,21.0,55.0,71.0,399.0
1774823398863.0,21.0,55.0,71.0,232.0
1774823408863.0,21.0,55.0,72.0,214.0
1774823418863.0,21.0,55.0,70.0,214.0
1774823428863.0,21.0,55.0,70.0,386.0
1774823438863.0,21.0,55.0,71.0,214.0
1774823448863.0,21.0,55.0,71.0,213.0
1774823458863.0,21.0,55.0,70.0,246.0
1774823468863.0,21.0,55.0,71.0,214.0
1774823478863.0,21.0,55.0,70.0,213.0
1774823488863.0,21.0,55.0,72.0,214.0
1774823498863.0,21.0,55.0,70.0,222.0
1774823508863.0,21.0,55.0,71.0,214.0
1774823518863.0,21.0,55.0,70.0,254.0
1774823528863.0,21.0,55.0,70.0,214.0
1774823538863.0,21.0,55.0,70.0,214.0
1774823548863.0,21.0,55.0,73.0,214.0
1774823558863.0,21.0,55.0,71.0,215.0
1774823568863.0,21.0,55.0,71.0,214.0
1774823578863.0,21.0,55.0,71.0,214.0
1774823588863.0,21.0,55.0,70.0,214.0
1774823598863.0,21.0,55.0,70.0,214.0
1774823608863.0,21.0,55.0,70.0,289.0
1774823618863.0,21.0,55.0,71.0,222.0
1774823628863.0,21.0,55.0,70.0,215.0
1774823638863.0,21.0,55.0,71.0,291.0
1774823648863.0,21.0,55.0,70.0,215.0
1774823658863.0,21.0,55.0,70.0,215.0
1774823668863.0,21.0,55.0,70.0,225.0
1774823678863.0,21.0,55.0,70.0,232.0
1774823688863.0,21.0,55.0,70.0,215.0
1774823698863.0,21.0,55.0,70.0,258.0
1774823708863.0,21.0,55.0,71.0,216.0
1774823718863.0,21.0,55.0,70.0,216.0
1774823728863.0,21.0,55.0,70.0,235.0
1774823738863.0,21.0,55.0,70.0,215.0
1774823748863.0,21.0,55.0,69.0,216.0
1774823758863.0,21.0,55.0,70.0,216.0
1774823768863.0,21.0,54.0,69.0,216.0
1774823778863.0,21.0,54.0,70.0,243.0
1774823788863.0,21.0,54.0,70.0,244.0
1774823798863.0,21.0,54.0,69.0,216.0
1774823808863.0,21.0,54.0,70.0,357.0
1774823818863.0,21.0,54.0,70.0,216.0
1774823828863.0,21.0,54.0,70.0,327.0
1774823838863.0,21.0,54.0,70.0,217.0
1774823848863.0,21.0,54.0,70.0,216.0
1774823858863.0,21.0,54.0,71.0,233.0
1774823868863.0,21.0,55.0,70.0,258.0
1774823878863.0,21.0,55.0,70.0,217.0
1774823888863.0,21.0,54.0,70.0,217.0
1774823898863.0,21.0,54.0,74.0,216.0
1774823908863.0,21.0,54.0,71.0,255.0
1774823918863.0,21.0,54.0,71.0,271.0
1774823928863.0,21.0,54.0,71.0,217.0
1774823938863.0,21.0,54.0,71.0,217.0
1774823948863.0,21.0,54.0,71.0,217.0
1774823958863.0,21.0,54.0,71.0,217.0
1774823968863.0,21.0,54.0,71.0,217.0
1774823978863.0,21.0,54.0,71.0,246.0
1774823988863.0,21.0,54.0,71.0,217.0
1774823998863.0,21.0,54.0,71.0,267.0
1774824008863.0,21.0,54.0,72.0,218.0
1774824018863.0,21.0,54.0,71.0,218.0
1774824028863.0,21.0,54.0,71.0,218.0
1774824038863.0,21.0,54.0,71.0,255.0
1774824048863.0,21.0,54.0,73.0,289.0
1774824058863.0,21.0,54.0,73.0,218.0
1774824068863.0,21.0,54.0,72.0,219.0
1774824078863.0,21.0,55.0,71.0,218.0
1774824088863.0,21.0,54.0,71.0,218.0
1774824098863.0,21.0,54.0,73.0,720.0
1774824108863.0,21.0,54.0,71.0,221.0
1774824118863.0,21.0,54.0,71.0,248.0
1774824128863.0,21.0,54.0,71.0,221.0
1774824138863.0,21.0,55.0,71.0,219.0
1774824148863.0,21.0,55.0,71.0,218.0
1774824158863.0,21.0,54.0,71.0,219.0
1774824168863.0,21.0,54.0,71.0,242.0
1774824178863.0,21.0,54.0,70.0,219.0
1774824188863.0,21.0,54.0,70.0,229.0
1774824198863.0,21.0,54.0,74.0,219.0
1774824208863.0,20.0,55.0,72.0,203.0
1774824218863.0,20.0,55.0,71.0,347.0
1774824228863.0,20.0,55.0,71.0,235.0
1774824238863.0,20.0,55.0,71.0,203.0
1774824248863.0,20.0,56.0,71.0,203.0
1774824258863.0,20.0,56.0,72.0,283.0
1774824268863.0,20.0,55.0,72.0,247.0
1774824278863.0,20.0,55.0,71.0,204.0
1774824288863.0,20.0,55.0,71.0,251.0
1774824298863.0,20.0,55.0,72.0,204.0
1774824308863.0,20.0,55.0,71.0,204.0
1774824318863.0,20.0,55.0,70.0,205.0
1774824328863.0,20.0,55.0,71.0,204.0
1774824338863.0,20.0,55.0,70.0,204.0
1774824348863.0,20.0,55.0,72.0,204.0
1774824358863.0,20.0,56.0,73.0,230.0
1774824368863.0,20.0,55.0,71.0,211.0
1774824378863.0,20.0,55.0,71.0,204.0
1774824388863.0,20.0,55.0,71.0,235.0
1774824398863.0,20.0,56.0,71.0,288.0
1774824408863.0,20.0,55.0,71.0,237.0
1774824418863.0,20.0,55.0,71.0,205.0
1774824428863.0,20.0,56.0,71.0,231.0
1774824438863.0,20.0,55.0,70.0,205.0
1774824448863.0,20.0,55.0,71.0,237.0
1774824458863.0,20.0,56.0,71.0,206.0
1774824468863.0,20.0,55.0,70.0,206.0
1774824478863.0,20.0,55.0,70.0,206.0
1774824488863.0,20.0,55.0,70.0,206.0
1774824498863.0,21.0,55.0,70.0,647.0
1774824508863.0,21.0,55.0,72.0,235.0
1774824518863.0,21.0,55.0,73.0,243.0
1774824528863.0,21.0,55.0,72.0,206.0
1774824538863.0,21.0,55.0,70.0,255.0
1774824548863.0,21.0,55.0,71.0,269.0
1774824558863.0,21.0,55.0,71.0,206.0
1774824568863.0,21.0,55.0,70.0,207.0
1774824578863.0,21.0,55.0,72.0,211.0
1774824588863.0,21.0,55.0,72.0,206.0
1774824598863.0,21.0,55.0,71.0,207.0
1774824608863.0,21.0,55.0,71.0,206.0
1774824618863.0,21.0,55.0,71.0,207.0
1774824628863.0,21.0,55.0,72.0,321.0
1774824638863.0,21.0,55.0,71.0,251.0
1774824648863.0,21.0,55.0,71.0,207.0
1774824658863.0,21.0,55.0,71.0,233.0
1774824668863.0,21.0,55.0,70.0,229.0
1774824678863.0,21.0,55.0,70.0,207.0
1774824688863.0,21.0,55.0,71.0,270.0
1774824698863.0,21.0,55.0,71.0,208.0
1774824708863.0,21.0,55.0,71.0,208.0
1774824718863.0,21.0,55.0,70.0,208.0
1774824728863.0,21.0,55.0,71.0,229.0
1774824738863.0,21.0,55.0,71.0,207.0
1774824748863.0,21.0,55.0,71.0,250.0
1774824758863.0,21.0,55.0,71.0,209.0
1774824768863.0,21.0,55.0,71.0,209.0
1774824778863.0,21.0,55.0,72.0,277.0
1774824788863.0,21.0,55.0,70.0,209.0
1774824798863.0,21.0,55.0,70.0,355.0
1774824808863.0,21.0,55.0,71.0,209.0
1774824818863.0,21.0,55.0,71.0,971.0
1774824828863.0,21.0,55.0,70.0,208.0
1774824838863.0,21.0,55.0,71.0,232.0
1774824848863.0,21.0,55.0,70.0,221.0
1774824858863.0,21.0,55.0,70.0,274.0
1774824868863.0,21.0,55.0,71.0,209.0
1774824878863.0,21.0,55.0,68.0,209.0
1774824888863.0,21.0,55.0,68.0,240.0
1774824898863.0,21.0,55.0,69.0,209.0
1774824908863.0,21.0,55.0,69.0,210.0
1774824918863.0,21.0,55.0,71.0,278.0
1774824928863.0,21.0,55.0,69.0,317.0
1774824938863.0,21.0,55.0,69.0,248.0
1774824948863.0,21.0,55.0,69.0,209.0
1774824958863.0,21.0,55.0,69.0,344.0
1774824968863.0,21.0,55.0,0.0,820.0
1774824978863.0,21.0,55.0,70.0,249.0
1774824988863.0,21.0,55.0,71.0,209.0
1774824998863.0,21.0,55.0,70.0,210.0
1774825008863.0,21.0,55.0,72.0,210.0
1774825018863.0,21.0,55.0,69.0,210.0
1774825028863.0,21.0,55.0,70.0,210.0
1774825038863.0,21.0,55.0,70.0,760.0
1774825048863.0,21.0,55.0,70.0,471.0
1774825058863.0,21.0,55.0,70.0,443.0
1774825068863.0,21.0,55.0,70.0,443.0
1774825078863.0,21.0,55.0,71.0,210.0
1774825088863.0,21.0,55.0,71.0,413.0
1774825098863.0,21.0,55.0,73.0,211.0
1774825108863.0,21.0,55.0,70.0,211.0
1774825118863.0,21.0,55.0,70.0,211.0
1774825128863.0,21.0,55.0,72.0,284.0
1774825138863.0,21.0,55.0,71.0,268.0
1774825148863.0,21.0,55.0,71.0,211.0
1774825158863.0,21.0,55.0,71.0,211.0
1774825168863.0,21.0,55.0,71.0,292.0
1774825178863.0,21.0,55.0,71.0,499.0
1774825188863.0,21.0,55.0,72.0,252.0
1774825198863.0,21.0,55.0,71.0,224.0
1774825208863.0,21.0,55.0,71.0,212.0
1774825218863.0,21.0,55.0,72.0,212.0
1774825228863.0,21.0,55.0,71.0,235.0
1774825238863.0,21.0,55.0,71.0,212.0
1774825248863.0,21.0,55.0,72.0,323.0
1774825258863.0,21.0,55.0,70.0,214.0
1774825268863.0,21.0,55.0,70.0,213.0
1774825278863.0,21.0,55.0,71.0,213.0
1774825288863.0,21.0,55.0,71.0,212.0
1774825298863.0,21.0,55.0,71.0,214.0
1774825308863.0,21.0,55.0,71.0,212.0
